fueltype,lat,lon,elev,ws,waz,ps,saz,cur,cbd,cbh,ccf,ftypeN,py
GR1,51.621244,-115.608378,1.0,,,,,,,,,101,0.8113478870137721
GR1,51.621244,-115.608378,1.0,,,,,,,,,101,0.5606176519114465
GR1,51.621244,-115.608378,1.0,,,,,,,,,101,0.551507364252594
GR1,51.621244,-115.608378,1.0,,,,,,,,,101,0.9335870633419323
GR1,51.621244,-115.608378,1.0,,,,,,,,,101,0.9114663119228132
GR1,51.621244,-115.608378,1.0,,,,,,,,,101,0.653325085880043
GR1,51.621244,-115.608378,1.0,,,,,,,,,101,0.953442396420224
GR1,51.621244,-115.608378,1.0,,,,,,,,,101,0.8472758818444628
GR1,51.621244,-115.608378,1.0,,,,,,,,,101,0.3993378012221189
GR1,51.621244,-115.608378,1.0,,,,,,,,,101,0.1102394618564233
GR1,51.621244,-115.608378,1.0,,,,,,,,,101,0.9874233327878761
GR1,51.621244,-115.608378,1.0,,,,,,,,,101,0.31731904796468846
GR1,51.621244,-115.608378,1.0,,,,,,,,,101,0.806071517828639
GR1,51.621244,-115.608378,1.0,,,,,,,,,101,0.07074505665586417
GR1,51.621244,-115.608378,1.0,,,,,,,,,101,0.5924767231233009
GR1,51.621244,-115.608378,1.0,,,,,,,,,101,0.4631599046924293
GR1,51.621244,-115.608378,1.0,,,,,,,,,101,0.7931150411496594
GR1,51.621244,-115.608378,1.0,,,,,,,,,101,0.02733312853165948
GR1,51.621244,-115.608378,1.0,,,,,,,,,101,0.31933898902446545
GR1,51.621244,-115.608378,1.0,,,,,,,,,101,0.11520173627521835
GR1,51.621244,-115.608378,1.0,,,,,,,,,101,0.5919093763499569
GR1,51.621244,-115.608378,1.0,,,,,,,,,101,0.06850948630667375
GR1,51.621244,-115.608378,1.0,,,,,,,,,101,0.4545554223177285
GR1,51.621244,-115.608378,1.0,,,,,,,,,101,0.9817704894924741
GR1,51.621244,-115.608378,1.0,,,,,,,,,101,0.7166951565731463
GR1,51.621244,-115.608378,1.0,,,,,,,,,101,0.29326142878611383
GR1,51.621244,-115.608378,1.0,,,,,,,,,101,0.2602896408962003
GR1,51.621244,-115.608378,1.0,,,,,,,,,101,0.6907901342430804
GR1,51.621244,-115.608378,1.0,,,,,,,,,101,0.6812321666681055
GR1,51.621244,-115.608378,1.0,,,,,,,,,101,0.5205252272094176
GR1,51.621244,-115.608378,1.0,,,,,,,,,101,0.6651979668272372
GR1,51.621244,-115.608378,1.0,,,,,,,,,101,0.44711512865089664
GR1,51.621244,-115.608378,1.0,,,,,,,,,101,0.06276499611172481
GR1,51.621244,-115.608378,1.0,,,,,,,,,101,0.5474913209901922
GR1,51.621244,-115.608378,1.0,,,,,,,,,101,0.13832566500069143
GR1,51.621244,-115.608378,1.0,,,,,,,,,101,0.12819096093990678
GR1,51.621244,-115.608378,1.0,,,,,,,,,101,0.7081636887102957
GR1,51.621244,-115.608378,1.0,,,,,,,,,101,0.6812209296170809
GR1,51.621244,-115.608378,1.0,,,,,,,,,101,0.3611073263568455
GR1,51.621244,-115.608378,1.0,,,,,,,,,101,0.3036942262569704
GR1,51.621244,-115.608378,1.0,,,,,,,,,101,0.9188190790492407
GR1,51.621244,-115.608378,1.0,,,,,,,,,101,0.3326568606849155
GR1,51.621244,-115.608378,1.0,,,,,,,,,101,0.46774033305611773
GR1,51.621244,-115.608378,1.0,,,,,,,,,101,0.8072264119089606
GR1,51.621244,-115.608378,1.0,,,,,,,,,101,0.6878813325090577
GR1,51.621244,-115.608378,1.0,,,,,,,,,101,0.18172077028854539
GR1,51.621244,-115.608378,1.0,,,,,,,,,101,0.17754483497342421
GR1,51.621244,-115.608378,1.0,,,,,,,,,101,0.7422807340017556
GR1,51.621244,-115.608378,1.0,,,,,,,,,101,0.5910078018979225
GR1,51.621244,-115.608378,1.0,,,,,,,,,101,0.057773885925817114
GR1,51.621244,-115.608378,1.0,,,,,,,,,101,0.2654524981789953
GR1,51.621244,-115.608378,1.0,,,,,,,,,101,0.542678360813875
GR1,51.621244,-115.608378,1.0,,,,,,,,,101,0.25711850129051295
GR1,51.621244,-115.608378,1.0,,,,,,,,,101,0.04984706274678574
GR1,51.621244,-115.608378,1.0,,,,,,,,,101,0.8545336554118209
GR1,51.621244,-115.608378,1.0,,,,,,,,,101,0.6739118235568468
GR1,51.621244,-115.608378,1.0,,,,,,,,,101,0.16768366757293995
GR1,51.621244,-115.608378,1.0,,,,,,,,,101,0.5646973358622887
GR1,51.621244,-115.608378,1.0,,,,,,,,,101,0.902047603508573
GR1,51.621244,-115.608378,1.0,,,,,,,,,101,0.06980429703090563
GR1,51.621244,-115.608378,1.0,,,,,,,,,101,0.9165892449802956
GR1,51.621244,-115.608378,1.0,,,,,,,,,101,0.8114321290345649
GR1,51.621244,-115.608378,1.0,,,,,,,,,101,0.46693605335012855
GR1,51.621244,-115.608378,1.0,,,,,,,,,101,0.3412088431584809
GR1,51.621244,-115.608378,1.0,,,,,,,,,101,0.5060351426047054
GR1,51.621244,-115.608378,1.0,,,,,,,,,101,0.5517472529495169
GR1,51.621244,-115.608378,1.0,,,,,,,,,101,0.015467059943729655
GR1,51.621244,-115.608378,1.0,,,,,,,,,101,0.1213414877069322
GR1,51.621244,-115.608378,1.0,,,,,,,,,101,0.8162694165507526
GR1,51.621244,-115.608378,1.0,,,,,,,,,101,0.017964220735204983
GR1,51.621244,-115.608378,1.0,,,,,,,,,101,0.2474017067811819
GR1,51.621244,-115.608378,1.0,,,,,,,,,101,0.7683266994660108
GR1,51.621244,-115.608378,1.0,,,,,,,,,101,0.8432279057077882
GR1,51.621244,-115.608378,1.0,,,,,,,,,101,0.004296188424146585
GR1,51.621244,-115.608378,1.0,,,,,,,,,101,0.6191036018197374
GR1,51.621244,-115.608378,1.0,,,,,,,,,101,0.14500699578922271
GR1,51.621244,-115.608378,1.0,,,,,,,,,101,0.5372806112643697
GR1,51.621244,-115.608378,1.0,,,,,,,,,101,0.8009302946039196
GR1,51.621244,-115.608378,1.0,,,,,,,,,101,0.5281162534380707
GR1,51.621244,-115.608378,1.0,,,,,,,,,101,0.48821110217047226
GR1,51.621244,-115.608378,1.0,,,,,,,,,101,0.32777000919283084
GR1,51.621244,-115.608378,1.0,,,,,,,,,101,0.989446205282031
GR1,51.621244,-115.608378,1.0,,,,,,,,,101,0.45148009314295234
GR1,51.621244,-115.608378,1.0,,,,,,,,,101,0.4317013708426497
GR1,51.621244,-115.608378,1.0,,,,,,,,,101,0.5970855487162651
GR1,51.621244,-115.608378,1.0,,,,,,,,,101,0.7516502395950612
GR1,51.621244,-115.608378,1.0,,,,,,,,,101,0.043801633176102195
GR1,51.621244,-115.608378,1.0,,,,,,,,,101,0.9910180188505574
GR1,51.621244,-115.608378,1.0,,,,,,,,,101,0.5113158231638033
GR1,51.621244,-115.608378,1.0,,,,,,,,,101,0.8278817323442506
GR1,51.621244,-115.608378,1.0,,,,,,,,,101,0.5366864860453393
GR1,51.621244,-115.608378,1.0,,,,,,,,,101,0.09323202394819485
GR1,51.621244,-115.608378,1.0,,,,,,,,,101,0.46504667412587575
GR1,51.621244,-115.608378,1.0,,,,,,,,,101,0.0137255809728003
GR1,51.621244,-115.608378,1.0,,,,,,,,,101,0.32834648640683894
GR1,51.621244,-115.608378,1.0,,,,,,,,,101,0.5233458682831726
GR1,51.621244,-115.608378,1.0,,,,,,,,,101,0.30162450815096153
GR1,51.621244,-115.608378,1.0,,,,,,,,,101,0.6864707438606089
GR1,51.621244,-115.608378,1.0,,,,,,,,,101,0.5541676618675127
GR1,51.621244,-115.608378,1.0,,,,,,,,,101,0.9708847875464306
GR1,51.621244,-115.608378,1.0,,,,,,,,,101,0.7562288381160513
GR1,51.621244,-115.608378,1.0,,,,,,,,,101,0.596008624538035
GR1,51.621244,-115.608378,1.0,,,,,,,,,101,0.7597478740318442
GR1,51.621244,-115.608378,1.0,,,,,,,,,101,0.23659042174025924
GR1,51.621244,-115.608378,1.0,,,,,,,,,101,0.5991323013545461
GR1,51.621244,-115.608378,1.0,,,,,,,,,101,0.04669367234693145
GR1,51.621244,-115.608378,1.0,,,,,,,,,101,0.8020264257168425
GR1,51.621244,-115.608378,1.0,,,,,,,,,101,0.47703480395910636
GR1,51.621244,-115.608378,1.0,,,,,,,,,101,0.19497342277093588
GR1,51.621244,-115.608378,1.0,,,,,,,,,101,0.40286080172345373
GR1,51.621244,-115.608378,1.0,,,,,,,,,101,0.6412619690948168
GR1,51.621244,-115.608378,1.0,,,,,,,,,101,0.015242683127601464
GR1,51.621244,-115.608378,1.0,,,,,,,,,101,0.23562613762160234
GR1,51.621244,-115.608378,1.0,,,,,,,,,101,0.0319058151781868
GR1,51.621244,-115.608378,1.0,,,,,,,,,101,0.4773441073445337
GR1,51.621244,-115.608378,1.0,,,,,,,,,101,0.8459686556057427
GR1,51.621244,-115.608378,1.0,,,,,,,,,101,0.29061485040157
GR1,51.621244,-115.608378,1.0,,,,,,,,,101,0.5073251115030075
GR1,51.621244,-115.608378,1.0,,,,,,,,,101,0.7318682303037012
GR1,51.621244,-115.608378,1.0,,,,,,,,,101,0.5086755054234201
GR1,51.621244,-115.608378,1.0,,,,,,,,,101,0.8439477565642343
GR1,51.621244,-115.608378,1.0,,,,,,,,,101,0.6942003220150208
GR1,51.621244,-115.608378,1.0,,,,,,,,,101,0.10838565169613767
GR1,51.621244,-115.608378,1.0,,,,,,,,,101,0.7378877523733978
GR1,51.621244,-115.608378,1.0,,,,,,,,,101,0.6482158179792733
GR1,51.621244,-115.608378,1.0,,,,,,,,,101,0.35890578838093323
GR1,51.621244,-115.608378,1.0,,,,,,,,,101,0.6508903132021987
GR1,51.621244,-115.608378,1.0,,,,,,,,,101,0.7392215593329213
GR1,51.621244,-115.608378,1.0,,,,,,,,,101,0.8955564820141351
GR1,51.621244,-115.608378,1.0,,,,,,,,,101,0.9490869614985694
GR1,51.621244,-115.608378,1.0,,,,,,,,,101,0.41887825057000627
GR1,51.621244,-115.608378,1.0,,,,,,,,,101,0.011552842452908552
GR1,51.621244,-115.608378,1.0,,,,,,,,,101,0.07926889501384449
GR1,51.621244,-115.608378,1.0,,,,,,,,,101,0.8785567439085864
GR1,51.621244,-115.608378,1.0,,,,,,,,,101,0.4869102033214917
GR1,51.621244,-115.608378,1.0,,,,,,,,,101,0.11909894220312045
GR1,51.621244,-115.608378,1.0,,,,,,,,,101,0.5548390669141074
GR1,51.621244,-115.608378,1.0,,,,,,,,,101,0.340805852440489
GR1,51.621244,-115.608378,1.0,,,,,,,,,101,0.3268423913102734
GR1,51.621244,-115.608378,1.0,,,,,,,,,101,0.6246136651256726
GR1,51.621244,-115.608378,1.0,,,,,,,,,101,0.4367236613394393
GR1,51.621244,-115.608378,1.0,,,,,,,,,101,0.22577296708713301
GR1,51.621244,-115.608378,1.0,,,,,,,,,101,0.0482225741212704
GR1,51.621244,-115.608378,1.0,,,,,,,,,101,0.4576774361233257
GR1,51.621244,-115.608378,1.0,,,,,,,,,101,0.7771053431494578
GR1,51.621244,-115.608378,1.0,,,,,,,,,101,0.4420694394417656
GR1,51.621244,-115.608378,1.0,,,,,,,,,101,0.6792262643295314
GR1,51.621244,-115.608378,1.0,,,,,,,,,101,0.29712243707975805
GR1,51.621244,-115.608378,1.0,,,,,,,,,101,0.47837064625821146
GR1,51.621244,-115.608378,1.0,,,,,,,,,101,0.551119918644546
GR1,51.621244,-115.608378,1.0,,,,,,,,,101,0.691392000335123
GR1,51.621244,-115.608378,1.0,,,,,,,,,101,0.8191462997109188
GR1,51.621244,-115.608378,1.0,,,,,,,,,101,0.3183245820568472
GR1,51.621244,-115.608378,1.0,,,,,,,,,101,0.0007690533492249463
GR1,51.621244,-115.608378,1.0,,,,,,,,,101,0.10387148788008582
GR1,51.621244,-115.608378,1.0,,,,,,,,,101,0.11571573560013726
GR1,51.621244,-115.608378,1.0,,,,,,,,,101,0.8748529526995112
GR1,51.621244,-115.608378,1.0,,,,,,,,,101,0.3185331001784335
GR1,51.621244,-115.608378,1.0,,,,,,,,,101,0.9421361433760905
GR1,51.621244,-115.608378,1.0,,,,,,,,,101,0.2096097725085848
GR1,51.621244,-115.608378,1.0,,,,,,,,,101,0.13392474563097512
GR1,51.621244,-115.608378,1.0,,,,,,,,,101,0.4510162940550074
GR1,51.621244,-115.608378,1.0,,,,,,,,,101,0.44391861230342256
GR1,51.621244,-115.608378,1.0,,,,,,,,,101,0.5228000882512057
GR1,51.621244,-115.608378,1.0,,,,,,,,,101,0.3633925317883365
GR1,51.621244,-115.608378,1.0,,,,,,,,,101,0.4490489716542163
GR1,51.621244,-115.608378,1.0,,,,,,,,,101,0.12428038249274531
GR1,51.621244,-115.608378,1.0,,,,,,,,,101,0.6365937220695296
GR1,51.621244,-115.608378,1.0,,,,,,,,,101,0.36201072436680093
GR1,51.621244,-115.608378,1.0,,,,,,,,,101,0.1701876003541385
GR1,51.621244,-115.608378,1.0,,,,,,,,,101,0.06908197216477618
GR1,51.621244,-115.608378,1.0,,,,,,,,,101,0.8733489083760425
GR1,51.621244,-115.608378,1.0,,,,,,,,,101,0.7226612675868168
GR1,51.621244,-115.608378,1.0,,,,,,,,,101,0.305930132552227
GR1,51.621244,-115.608378,1.0,,,,,,,,,101,0.12030910932369121
GR1,51.621244,-115.608378,1.0,,,,,,,,,101,0.7031829570597843
GR1,51.621244,-115.608378,1.0,,,,,,,,,101,0.9160460269177606
GR1,51.621244,-115.608378,1.0,,,,,,,,,101,0.6649803736804618
GR1,51.621244,-115.608378,1.0,,,,,,,,,101,0.5686189264632088
GR1,51.621244,-115.608378,1.0,,,,,,,,,101,0.26604098871439663
GR1,51.621244,-115.608378,1.0,,,,,,,,,101,0.8794934026045381
GR1,51.621244,-115.608378,1.0,,,,,,,,,101,0.21944588448912372
GR1,51.621244,-115.608378,1.0,,,,,,,,,101,0.032162456974152875
GR1,51.621244,-115.608378,1.0,,,,,,,,,101,0.14344790754007897
GR1,51.621244,-115.608378,1.0,,,,,,,,,101,0.7948245677480736
GR1,51.621244,-115.608378,1.0,,,,,,,,,101,0.6447882414646617
GR1,51.621244,-115.608378,1.0,,,,,,,,,101,0.07459216947772329
GR1,51.621244,-115.608378,1.0,,,,,,,,,101,0.7306279939014843
GR1,51.621244,-115.608378,1.0,,,,,,,,,101,0.5340193027375187
GR1,51.621244,-115.608378,1.0,,,,,,,,,101,0.5183637048217964
GR1,51.621244,-115.608378,1.0,,,,,,,,,101,0.5418289498778069
GR1,51.621244,-115.608378,1.0,,,,,,,,,101,0.6256963893854199
GR1,51.621244,-115.608378,1.0,,,,,,,,,101,0.9808089641165337
GR1,51.621244,-115.608378,1.0,,,,,,,,,101,0.4986400204783713
GR1,51.621244,-115.608378,1.0,,,,,,,,,101,0.775610760628003
GR1,51.621244,-115.608378,1.0,,,,,,,,,101,0.30577831894261087
GR1,51.621244,-115.608378,1.0,,,,,,,,,101,0.3193481700164549
GR1,51.621244,-115.608378,1.0,,,,,,,,,101,0.2267139931032125
GR1,51.621244,-115.608378,1.0,,,,,,,,,101,0.5848001527876895
GR1,51.621244,-115.608378,1.0,,,,,,,,,101,0.9275825782039885
GR1,51.621244,-115.608378,1.0,,,,,,,,,101,0.29781415780784315
GR1,51.621244,-115.608378,1.0,,,,,,,,,101,0.09465358789846678
GR1,51.621244,-115.608378,1.0,,,,,,,,,101,0.5875842663014418
GR1,51.621244,-115.608378,1.0,,,,,,,,,101,0.7465719090249597
GR1,51.621244,-115.608378,1.0,,,,,,,,,101,0.030305569000382726
GR1,51.621244,-115.608378,1.0,,,,,,,,,101,0.6204763185913733
GR1,51.621244,-115.608378,1.0,,,,,,,,,101,0.7315213220951721
GR1,51.621244,-115.608378,1.0,,,,,,,,,101,0.18537935081440626
GR1,51.621244,-115.608378,1.0,,,,,,,,,101,0.42170107718154426
GR1,51.621244,-115.608378,1.0,,,,,,,,,101,0.7086148905576728
GR1,51.621244,-115.608378,1.0,,,,,,,,,101,0.17281669953885503
GR1,51.621244,-115.608378,1.0,,,,,,,,,101,0.7652696410269755
GR1,51.621244,-115.608378,1.0,,,,,,,,,101,0.2936520140598582
GR1,51.621244,-115.608378,1.0,,,,,,,,,101,0.8093981246293344
GR1,51.621244,-115.608378,1.0,,,,,,,,,101,0.06786593568083299
GR1,51.621244,-115.608378,1.0,,,,,,,,,101,0.09448062364557042
GR1,51.621244,-115.608378,1.0,,,,,,,,,101,0.8435885935271338
GR1,51.621244,-115.608378,1.0,,,,,,,,,101,0.22276884827749177
GR1,51.621244,-115.608378,1.0,,,,,,,,,101,0.7509586185012165
GR1,51.621244,-115.608378,1.0,,,,,,,,,101,0.058814464922674836
GR1,51.621244,-115.608378,1.0,,,,,,,,,101,0.18709118316259676
GR1,51.621244,-115.608378,1.0,,,,,,,,,101,0.19467493069266106
GR1,51.621244,-115.608378,1.0,,,,,,,,,101,0.9765319435667535
GR1,51.621244,-115.608378,1.0,,,,,,,,,101,0.22602329603461369
GR1,51.621244,-115.608378,1.0,,,,,,,,,101,0.719176411313812
GR1,51.621244,-115.608378,1.0,,,,,,,,,101,0.45758939310858215
GR1,51.621244,-115.608378,1.0,,,,,,,,,101,0.508991252983941
GR1,51.621244,-115.608378,1.0,,,,,,,,,101,0.7161824258977421
GR1,51.621244,-115.608378,1.0,,,,,,,,,101,0.7411950176725762
GR1,51.621244,-115.608378,1.0,,,,,,,,,101,0.671259231106282
GR1,51.621244,-115.608378,1.0,,,,,,,,,101,0.22281940749830198
GR1,51.621244,-115.608378,1.0,,,,,,,,,101,0.8194787474342136
GR1,51.621244,-115.608378,1.0,,,,,,,,,101,0.6321726574105732
GR1,51.621244,-115.608378,1.0,,,,,,,,,101,0.4640808459800666
GR1,51.621244,-115.608378,1.0,,,,,,,,,101,0.6132634938772417
GR1,51.621244,-115.608378,1.0,,,,,,,,,101,0.735762605573818
GR1,51.621244,-115.608378,1.0,,,,,,,,,101,0.6149831932624086
GR1,51.621244,-115.608378,1.0,,,,,,,,,101,0.6890729348126742
GR1,51.621244,-115.608378,1.0,,,,,,,,,101,0.34012526087976847
GR1,51.621244,-115.608378,1.0,,,,,,,,,101,0.14058363625448056
GR1,51.621244,-115.608378,1.0,,,,,,,,,101,0.8943246729372224
GR1,51.621244,-115.608378,1.0,,,,,,,,,101,0.09923169173007096
GR1,51.621244,-115.608378,1.0,,,,,,,,,101,0.17771698635277444
GR1,51.621244,-115.608378,1.0,,,,,,,,,101,0.7893946984233485
GR1,51.621244,-115.608378,1.0,,,,,,,,,101,0.8036825464625765
GR1,51.621244,-115.608378,1.0,,,,,,,,,101,0.5793657616410282
GR1,51.621244,-115.608378,1.0,,,,,,,,,101,0.531895501581798
GR1,51.621244,-115.608378,1.0,,,,,,,,,101,0.3471706695386937
GR1,51.621244,-115.608378,1.0,,,,,,,,,101,0.9829439988560756
GR1,51.621244,-115.608378,1.0,,,,,,,,,101,0.7864487650037455
GR1,51.621244,-115.608378,1.0,,,,,,,,,101,0.019105131080426774
GR1,51.621244,-115.608378,1.0,,,,,,,,,101,0.9497973289248673
GR1,51.621244,-115.608378,1.0,,,,,,,,,101,0.27836241239223247
GR1,51.621244,-115.608378,1.0,,,,,,,,,101,0.25906237005324806
GR1,51.621244,-115.608378,1.0,,,,,,,,,101,0.25290246460931787
GR1,51.621244,-115.608378,1.0,,,,,,,,,101,0.14056958960832022
GR1,51.621244,-115.608378,1.0,,,,,,,,,101,0.9921388776687103
GR1,51.621244,-115.608378,1.0,,,,,,,,,101,0.8756340853516336
GR1,51.621244,-115.608378,1.0,,,,,,,,,101,0.5080416819649014
GR1,51.621244,-115.608378,1.0,,,,,,,,,101,0.22509855675127355
GR1,51.621244,-115.608378,1.0,,,,,,,,,101,0.6927590393416065
GR1,51.621244,-115.608378,1.0,,,,,,,,,101,0.10795193641095546
GR1,51.621244,-115.608378,1.0,,,,,,,,,101,0.3747423011347645
GR1,51.621244,-115.608378,1.0,,,,,,,,,101,0.36579002105132674
GR1,51.621244,-115.608378,1.0,,,,,,,,,101,0.12503549786425272
GR1,51.621244,-115.608378,1.0,,,,,,,,,101,0.6277606169217389
GR1,51.621244,-115.608378,1.0,,,,,,,,,101,0.6634450393091083
GR1,51.621244,-115.608378,1.0,,,,,,,,,101,0.17207593247232433
GR1,51.621244,-115.608378,1.0,,,,,,,,,101,0.9741271761571965
GR1,51.621244,-115.608378,1.0,,,,,,,,,101,0.616097348628552
GR1,51.621244,-115.608378,1.0,,,,,,,,,101,0.9987296022586621
GR1,51.621244,-115.608378,1.0,,,,,,,,,101,0.5617141878816005
GR1,51.621244,-115.608378,1.0,,,,,,,,,101,0.4165420214229366
GR1,51.621244,-115.608378,1.0,,,,,,,,,101,0.3660737271298251
GR1,51.621244,-115.608378,1.0,,,,,,,,,101,0.4046456027921935
GR1,51.621244,-115.608378,1.0,,,,,,,,,101,0.8182874973278359
GR1,51.621244,-115.608378,1.0,,,,,,,,,101,0.572824635849935
GR1,51.621244,-115.608378,1.0,,,,,,,,,101,0.3519105023453909
GR1,51.621244,-115.608378,1.0,,,,,,,,,101,0.10058096748659251
GR1,51.621244,-115.608378,1.0,,,,,,,,,101,0.33322059840959173
GR1,51.621244,-115.608378,1.0,,,,,,,,,101,0.5345253626075093
GR1,51.621244,-115.608378,1.0,,,,,,,,,101,0.3983712862021681
GR1,51.621244,-115.608378,1.0,,,,,,,,,101,0.981520273277066
GR1,51.621244,-115.608378,1.0,,,,,,,,,101,0.5168848468123534
GR1,51.621244,-115.608378,1.0,,,,,,,,,101,0.9106300735465258
GR1,51.621244,-115.608378,1.0,,,,,,,,,101,0.11150515674584183
GR1,51.621244,-115.608378,1.0,,,,,,,,,101,0.18027333583864036
GR1,51.621244,-115.608378,1.0,,,,,,,,,101,0.42117087882947424
GR1,51.621244,-115.608378,1.0,,,,,,,,,101,0.6616182621873165
GR1,51.621244,-115.608378,1.0,,,,,,,,,101,0.7959740122519194
GR1,51.621244,-115.608378,1.0,,,,,,,,,101,0.9146455466085803
GR1,51.621244,-115.608378,1.0,,,,,,,,,101,0.6980107333846383
GR1,51.621244,-115.608378,1.0,,,,,,,,,101,0.43488159070554255
GR1,51.621244,-115.608378,1.0,,,,,,,,,101,0.37140843306437243
GR1,51.621244,-115.608378,1.0,,,,,,,,,101,0.3227917119311118
GR1,51.621244,-115.608378,1.0,,,,,,,,,101,0.5531898842020122
GR1,51.621244,-115.608378,1.0,,,,,,,,,101,0.5228521635158848
GR1,51.621244,-115.608378,1.0,,,,,,,,,101,0.22151015496832038
GR1,51.621244,-115.608378,1.0,,,,,,,,,101,0.1944742835005029
GR1,51.621244,-115.608378,1.0,,,,,,,,,101,0.5765087698092098
GR1,51.621244,-115.608378,1.0,,,,,,,,,101,0.19716754663571667
GR1,51.621244,-115.608378,1.0,,,,,,,,,101,0.15004960231200326
GR1,51.621244,-115.608378,1.0,,,,,,,,,101,0.038689832369314336
GR1,51.621244,-115.608378,1.0,,,,,,,,,101,0.11243906039718365
GR1,51.621244,-115.608378,1.0,,,,,,,,,101,0.6653741939478065
GR1,51.621244,-115.608378,1.0,,,,,,,,,101,0.5100449299492139
GR1,51.621244,-115.608378,1.0,,,,,,,,,101,0.5090372916494741
GR1,51.621244,-115.608378,1.0,,,,,,,,,101,0.20235001992561086
GR1,51.621244,-115.608378,1.0,,,,,,,,,101,0.7517596493153641
GR1,51.621244,-115.608378,1.0,,,,,,,,,101,0.968547005304115
GR1,51.621244,-115.608378,1.0,,,,,,,,,101,0.2308795417864148
GR1,51.621244,-115.608378,1.0,,,,,,,,,101,0.5808555504527291
GR1,51.621244,-115.608378,1.0,,,,,,,,,101,0.9682323371799184
GR1,51.621244,-115.608378,1.0,,,,,,,,,101,0.041378431597528076
GR1,51.621244,-115.608378,1.0,,,,,,,,,101,0.2601324972190555
GR1,51.621244,-115.608378,1.0,,,,,,,,,101,0.10726888489128528
GR1,51.621244,-115.608378,1.0,,,,,,,,,101,0.6358055183010365
GR1,51.621244,-115.608378,1.0,,,,,,,,,101,0.9978571748137759
GR1,51.621244,-115.608378,1.0,,,,,,,,,101,0.04760665727293001
GR1,51.621244,-115.608378,1.0,,,,,,,,,101,0.09233158704750721
GR1,51.621244,-115.608378,1.0,,,,,,,,,101,0.5358538206728184
GR1,51.621244,-115.608378,1.0,,,,,,,,,101,0.2928881042763626
GR1,51.621244,-115.608378,1.0,,,,,,,,,101,0.35574019343064744
GR1,51.621244,-115.608378,1.0,,,,,,,,,101,0.7511991089971977
GR1,51.621244,-115.608378,1.0,,,,,,,,,101,0.6240240154454693
GR1,51.621244,-115.608378,1.0,,,,,,,,,101,0.0015071031814868352
GR1,51.621244,-115.608378,1.0,,,,,,,,,101,0.4456699691153635
GR1,51.621244,-115.608378,1.0,,,,,,,,,101,0.6428527614063505
GR1,51.621244,-115.608378,1.0,,,,,,,,,101,0.17806693788661598
GR1,51.621244,-115.608378,1.0,,,,,,,,,101,0.2674439601704427
GR1,51.621244,-115.608378,1.0,,,,,,,,,101,0.2994393662962853
GR1,51.621244,-115.608378,1.0,,,,,,,,,101,0.49705917034172575
GR1,51.621244,-115.608378,1.0,,,,,,,,,101,0.33426691525498053
GR1,51.621244,-115.608378,1.0,,,,,,,,,101,0.36791290364197893
GR1,51.621244,-115.608378,1.0,,,,,,,,,101,0.09181014565478851
GR1,51.621244,-115.608378,1.0,,,,,,,,,101,0.7756333367855724
GR1,51.621244,-115.608378,1.0,,,,,,,,,101,0.5328916999975379
GR1,51.621244,-115.608378,1.0,,,,,,,,,101,0.6513803837841273
GR1,51.621244,-115.608378,1.0,,,,,,,,,101,0.3774755642138008
GR1,51.621244,-115.608378,1.0,,,,,,,,,101,0.9836804843080381
GR1,51.621244,-115.608378,1.0,,,,,,,,,101,0.007957885439678014
GR1,51.621244,-115.608378,1.0,,,,,,,,,101,0.559642649978889
GR1,51.621244,-115.608378,1.0,,,,,,,,,101,0.2544908951399495
GR1,51.621244,-115.608378,1.0,,,,,,,,,101,0.06739247691150363
GR1,51.621244,-115.608378,1.0,,,,,,,,,101,0.10041853311257742
GR1,51.621244,-115.608378,1.0,,,,,,,,,101,0.24803176788236547
GR1,51.621244,-115.608378,1.0,,,,,,,,,101,0.14882152422010542
GR1,51.621244,-115.608378,1.0,,,,,,,,,101,0.6015226514374216
GR1,51.621244,-115.608378,1.0,,,,,,,,,101,0.6697513167575404
GR1,51.621244,-115.608378,1.0,,,,,,,,,101,0.4594754908178371
GR1,51.621244,-115.608378,1.0,,,,,,,,,101,0.46105422774173765
GR1,51.621244,-115.608378,1.0,,,,,,,,,101,0.8311314621681088
GR1,51.621244,-115.608378,1.0,,,,,,,,,101,0.4325571999037612
GR1,51.621244,-115.608378,1.0,,,,,,,,,101,0.5439709433567403
GR1,51.621244,-115.608378,1.0,,,,,,,,,101,0.3889460927645346
GR1,51.621244,-115.608378,1.0,,,,,,,,,101,0.034933406361245645
GR1,51.621244,-115.608378,1.0,,,,,,,,,101,0.5037695741075459
GR1,51.621244,-115.608378,1.0,,,,,,,,,101,0.17411450220034919
GR1,51.621244,-115.608378,1.0,,,,,,,,,101,0.9363069288072038
GR1,51.621244,-115.608378,1.0,,,,,,,,,101,0.2206463479254155
GR1,51.621244,-115.608378,1.0,,,,,,,,,101,0.5922533140115313
GR1,51.621244,-115.608378,1.0,,,,,,,,,101,0.49361107948561
GR1,51.621244,-115.608378,1.0,,,,,,,,,101,0.024677776847296218
GR1,51.621244,-115.608378,1.0,,,,,,,,,101,0.15749415624653385
GR1,51.621244,-115.608378,1.0,,,,,,,,,101,0.4506628415918039
GR1,51.621244,-115.608378,1.0,,,,,,,,,101,0.14492467129093012
GR1,51.621244,-115.608378,1.0,,,,,,,,,101,0.8174224860275882
GR1,51.621244,-115.608378,1.0,,,,,,,,,101,0.988878571659801
GR1,51.621244,-115.608378,1.0,,,,,,,,,101,0.6216268146589361
GR1,51.621244,-115.608378,1.0,,,,,,,,,101,0.47377544687397866
GR1,51.621244,-115.608378,1.0,,,,,,,,,101,0.27231328744032435
GR1,51.621244,-115.608378,1.0,,,,,,,,,101,0.3853157360187299
GR1,51.621244,-115.608378,1.0,,,,,,,,,101,0.9112374050778591
GR1,51.621244,-115.608378,1.0,,,,,,,,,101,0.9713811886461927
GR1,51.621244,-115.608378,1.0,,,,,,,,,101,0.7806583442256237
GR1,51.621244,-115.608378,1.0,,,,,,,,,101,0.42501487780632496
GR1,51.621244,-115.608378,1.0,,,,,,,,,101,0.1520492941879671
GR1,51.621244,-115.608378,1.0,,,,,,,,,101,0.3837794467886678
GR1,51.621244,-115.608378,1.0,,,,,,,,,101,0.019429207517844937
GR1,51.621244,-115.608378,1.0,,,,,,,,,101,0.13412799825640076
GR1,51.621244,-115.608378,1.0,,,,,,,,,101,0.05646094926172596
GR1,51.621244,-115.608378,1.0,,,,,,,,,101,0.2355543485001137
GR1,51.621244,-115.608378,1.0,,,,,,,,,101,0.9478807669108347
GR1,51.621244,-115.608378,1.0,,,,,,,,,101,0.17186478293842944
GR1,51.621244,-115.608378,1.0,,,,,,,,,101,0.8043966962420225
GR1,51.621244,-115.608378,1.0,,,,,,,,,101,0.1977704124635854
GR1,51.621244,-115.608378,1.0,,,,,,,,,101,0.03865313791408831
GR1,51.621244,-115.608378,1.0,,,,,,,,,101,0.6387205176267011
GR1,51.621244,-115.608378,1.0,,,,,,,,,101,0.2363402875318148
GR1,51.621244,-115.608378,1.0,,,,,,,,,101,0.7699766056886839
GR1,51.621244,-115.608378,1.0,,,,,,,,,101,0.15496728513941482
GR1,51.621244,-115.608378,1.0,,,,,,,,,101,0.9836222617965297
GR1,51.621244,-115.608378,1.0,,,,,,,,,101,0.7024429450989745
GR1,51.621244,-115.608378,1.0,,,,,,,,,101,0.30511224263774805
GR1,51.621244,-115.608378,1.0,,,,,,,,,101,0.6153852559984367
GR1,51.621244,-115.608378,1.0,,,,,,,,,101,0.10028571601435543
GR1,51.621244,-115.608378,1.0,,,,,,,,,101,0.25707827491598223
GR1,51.621244,-115.608378,1.0,,,,,,,,,101,0.5818845732663772
GR1,51.621244,-115.608378,1.0,,,,,,,,,101,0.21016504419219895
GR1,51.621244,-115.608378,1.0,,,,,,,,,101,0.824020178060404
GR1,51.621244,-115.608378,1.0,,,,,,,,,101,0.2048309496209495
GR1,51.621244,-115.608378,1.0,,,,,,,,,101,0.18281439351218554
GR1,51.621244,-115.608378,1.0,,,,,,,,,101,0.5862621751196242
GR1,51.621244,-115.608378,1.0,,,,,,,,,101,0.07747891663723194
GR1,51.621244,-115.608378,1.0,,,,,,,,,101,0.12928901401741388
GR1,51.621244,-115.608378,1.0,,,,,,,,,101,0.5606041392635334
GR1,51.621244,-115.608378,1.0,,,,,,,,,101,0.9370464507294534
GR1,51.621244,-115.608378,1.0,,,,,,,,,101,0.8595945463178115
GR1,51.621244,-115.608378,1.0,,,,,,,,,101,0.9666537555002146
GR1,51.621244,-115.608378,1.0,,,,,,,,,101,0.9650697839650761
GR1,51.621244,-115.608378,1.0,,,,,,,,,101,0.26705419406726494
GR1,51.621244,-115.608378,1.0,,,,,,,,,101,0.5187535290060626
GR1,51.621244,-115.608378,1.0,,,,,,,,,101,0.7124640382118537
GR1,51.621244,-115.608378,1.0,,,,,,,,,101,0.9995640438005506
GR1,51.621244,-115.608378,1.0,,,,,,,,,101,0.3440211527435473
GR1,51.621244,-115.608378,1.0,,,,,,,,,101,0.20510169400803624
GR1,51.621244,-115.608378,1.0,,,,,,,,,101,0.1613594522262336
GR1,51.621244,-115.608378,1.0,,,,,,,,,101,0.29780664056209527
GR1,51.621244,-115.608378,1.0,,,,,,,,,101,0.15351090799861644
GR1,51.621244,-115.608378,1.0,,,,,,,,,101,0.8315527063567657
GR1,51.621244,-115.608378,1.0,,,,,,,,,101,0.46762125592675063
GR1,51.621244,-115.608378,1.0,,,,,,,,,101,0.4550784837392572
GR1,51.621244,-115.608378,1.0,,,,,,,,,101,0.6939071593770376
GR1,51.621244,-115.608378,1.0,,,,,,,,,101,0.25637302849470167
GR1,51.621244,-115.608378,1.0,,,,,,,,,101,0.6166269766805137
GR1,51.621244,-115.608378,1.0,,,,,,,,,101,0.6656899839331333
GR1,51.621244,-115.608378,1.0,,,,,,,,,101,0.21341589229717772
GR1,51.621244,-115.608378,1.0,,,,,,,,,101,0.47029774692444126
GR1,51.621244,-115.608378,1.0,,,,,,,,,101,0.14759939029816505
GR1,51.621244,-115.608378,1.0,,,,,,,,,101,0.6157213104998378
GR1,51.621244,-115.608378,1.0,,,,,,,,,101,0.9588608128127649
GR1,51.621244,-115.608378,1.0,,,,,,,,,101,0.12989439588160334
GR1,51.621244,-115.608378,1.0,,,,,,,,,101,0.17160976577914544
GR1,51.621244,-115.608378,1.0,,,,,,,,,101,0.022391660307181427
GR1,51.621244,-115.608378,1.0,,,,,,,,,101,0.06092996973258369
GR1,51.621244,-115.608378,1.0,,,,,,,,,101,0.9928437562927099
GR1,51.621244,-115.608378,1.0,,,,,,,,,101,0.8584808024662898
GR1,51.621244,-115.608378,1.0,,,,,,,,,101,0.595197857804528
GR1,51.621244,-115.608378,1.0,,,,,,,,,101,0.6593805737573974
GR1,51.621244,-115.608378,1.0,,,,,,,,,101,0.29213291839806066
GR1,51.621244,-115.608378,1.0,,,,,,,,,101,0.5265433519277545
GR1,51.621244,-115.608378,1.0,,,,,,,,,101,0.4460731883783914
GR1,51.621244,-115.608378,1.0,,,,,,,,,101,0.04735755642778383
GR1,51.621244,-115.608378,1.0,,,,,,,,,101,0.16421246702960512
GR1,51.621244,-115.608378,1.0,,,,,,,,,101,0.8294244848312049
GR1,51.621244,-115.608378,1.0,,,,,,,,,101,0.6229773904851275
GR1,51.621244,-115.608378,1.0,,,,,,,,,101,0.12557803696467706
GR1,51.621244,-115.608378,1.0,,,,,,,,,101,0.5794923087060783
GR1,51.621244,-115.608378,1.0,,,,,,,,,101,0.3589587433278074
GR1,51.621244,-115.608378,1.0,,,,,,,,,101,0.7937024996759849
GR1,51.621244,-115.608378,1.0,,,,,,,,,101,0.46268082252774545
GR1,51.621244,-115.608378,1.0,,,,,,,,,101,0.06266860362639914
GR1,51.621244,-115.608378,1.0,,,,,,,,,101,0.07539076040928416
GR1,51.621244,-115.608378,1.0,,,,,,,,,101,0.1028875518829665
GR1,51.621244,-115.608378,1.0,,,,,,,,,101,0.0681611939661999
GR1,51.621244,-115.608378,1.0,,,,,,,,,101,0.7112642389754401
GR1,51.621244,-115.608378,1.0,,,,,,,,,101,0.10991167115912215
GR1,51.621244,-115.608378,1.0,,,,,,,,,101,0.9438767612105103
GR1,51.621244,-115.608378,1.0,,,,,,,,,101,0.21686465553626633
GR1,51.621244,-115.608378,1.0,,,,,,,,,101,0.7955229241827511
GR1,51.621244,-115.608378,1.0,,,,,,,,,101,0.7378487211851202
GR1,51.621244,-115.608378,1.0,,,,,,,,,101,0.43993369072682464
GR1,51.621244,-115.608378,1.0,,,,,,,,,101,0.9283173058959422
GR1,51.621244,-115.608378,1.0,,,,,,,,,101,0.19151612015631336
GR1,51.621244,-115.608378,1.0,,,,,,,,,101,0.9695406678928112
GR1,51.621244,-115.608378,1.0,,,,,,,,,101,0.37807142599347754
GR1,51.621244,-115.608378,1.0,,,,,,,,,101,0.6508736113711936
GR1,51.621244,-115.608378,1.0,,,,,,,,,101,0.06097437533007888
GR1,51.621244,-115.608378,1.0,,,,,,,,,101,0.44671197494723724
GR1,51.621244,-115.608378,1.0,,,,,,,,,101,0.8374461952600385
GR1,51.621244,-115.608378,1.0,,,,,,,,,101,0.8294193220191627
GR1,51.621244,-115.608378,1.0,,,,,,,,,101,0.032420558353771
GR1,51.621244,-115.608378,1.0,,,,,,,,,101,0.2924915358507689
GR1,51.621244,-115.608378,1.0,,,,,,,,,101,0.4823802311204428
GR1,51.621244,-115.608378,1.0,,,,,,,,,101,0.5915989334456365
GR1,51.621244,-115.608378,1.0,,,,,,,,,101,0.7787292863206031
GR1,51.621244,-115.608378,1.0,,,,,,,,,101,0.4899525359522283
GR1,51.621244,-115.608378,1.0,,,,,,,,,101,0.7044411123154778
GR1,51.621244,-115.608378,1.0,,,,,,,,,101,0.40155698438842846
GR1,51.621244,-115.608378,1.0,,,,,,,,,101,0.04148670602188442
GR1,51.621244,-115.608378,1.0,,,,,,,,,101,0.4380177495426898
GR1,51.621244,-115.608378,1.0,,,,,,,,,101,0.7012603848117775
GR1,51.621244,-115.608378,1.0,,,,,,,,,101,0.8218479520510695
GR1,51.621244,-115.608378,1.0,,,,,,,,,101,0.3126467655371692
GR1,51.621244,-115.608378,1.0,,,,,,,,,101,0.7893196231839692
GR1,51.621244,-115.608378,1.0,,,,,,,,,101,0.7664266618982725
GR1,51.621244,-115.608378,1.0,,,,,,,,,101,0.0019357619554278838
GR1,51.621244,-115.608378,1.0,,,,,,,,,101,0.023617403225775657
GR1,51.621244,-115.608378,1.0,,,,,,,,,101,0.030995061726640016
GR1,51.621244,-115.608378,1.0,,,,,,,,,101,0.6858222018345378
GR1,51.621244,-115.608378,1.0,,,,,,,,,101,0.3542482771558937
GR1,51.621244,-115.608378,1.0,,,,,,,,,101,0.4806302690083555
GR1,51.621244,-115.608378,1.0,,,,,,,,,101,0.3483156441620129
GR1,51.621244,-115.608378,1.0,,,,,,,,,101,0.5638759931321412
GR1,51.621244,-115.608378,1.0,,,,,,,,,101,0.46954066974699304
GR1,51.621244,-115.608378,1.0,,,,,,,,,101,0.8681340830844408
GR1,51.621244,-115.608378,1.0,,,,,,,,,101,0.30637889336425916
GR1,51.621244,-115.608378,1.0,,,,,,,,,101,0.1981168902602929
GR1,51.621244,-115.608378,1.0,,,,,,,,,101,0.7802239614018781
GR1,51.621244,-115.608378,1.0,,,,,,,,,101,0.16179706327112964
GR1,51.621244,-115.608378,1.0,,,,,,,,,101,0.7913018068204172
GR1,51.621244,-115.608378,1.0,,,,,,,,,101,0.8256422960244051
GR1,51.621244,-115.608378,1.0,,,,,,,,,101,0.31785497800565277
GR1,51.621244,-115.608378,1.0,,,,,,,,,101,0.9132181603327703
GR1,51.621244,-115.608378,1.0,,,,,,,,,101,0.5111440868000713
GR1,51.621244,-115.608378,1.0,,,,,,,,,101,0.14621386414292725
GR1,51.621244,-115.608378,1.0,,,,,,,,,101,0.013887692502755677
GR1,51.621244,-115.608378,1.0,,,,,,,,,101,0.08443063203820544
GR1,51.621244,-115.608378,1.0,,,,,,,,,101,0.891345946295378
GR1,51.621244,-115.608378,1.0,,,,,,,,,101,0.9664544018382828
GR1,51.621244,-115.608378,1.0,,,,,,,,,101,0.6765527894697926
GR1,51.621244,-115.608378,1.0,,,,,,,,,101,0.7071558943035563
GR1,51.621244,-115.608378,1.0,,,,,,,,,101,0.011823088949663663
GR1,51.621244,-115.608378,1.0,,,,,,,,,101,0.4337991573775636
GR1,51.621244,-115.608378,1.0,,,,,,,,,101,0.9369977687146033
GR1,51.621244,-115.608378,1.0,,,,,,,,,101,0.33038482185856355
GR1,51.621244,-115.608378,1.0,,,,,,,,,101,0.9152411527231246
GR1,51.621244,-115.608378,1.0,,,,,,,,,101,0.9729429074998488
GR1,51.621244,-115.608378,1.0,,,,,,,,,101,0.2706271867669515
GR1,51.621244,-115.608378,1.0,,,,,,,,,101,0.10233773223578813
GR1,51.621244,-115.608378,1.0,,,,,,,,,101,0.056513883205363435
GR1,51.621244,-115.608378,1.0,,,,,,,,,101,0.0007884453394506608
GR1,51.621244,-115.608378,1.0,,,,,,,,,101,0.4030605901034856
GR1,51.621244,-115.608378,1.0,,,,,,,,,101,0.24850646222633233
GR1,51.621244,-115.608378,1.0,,,,,,,,,101,0.7549700068366891
GR1,51.621244,-115.608378,1.0,,,,,,,,,101,0.973747305395528
GR1,51.621244,-115.608378,1.0,,,,,,,,,101,0.7994435380135065
GR1,51.621244,-115.608378,1.0,,,,,,,,,101,0.5662319674191698
GR1,51.621244,-115.608378,1.0,,,,,,,,,101,0.38322887278052187
GR1,51.621244,-115.608378,1.0,,,,,,,,,101,0.6269604753403683
GR1,51.621244,-115.608378,1.0,,,,,,,,,101,0.9272200964094598
GR1,51.621244,-115.608378,1.0,,,,,,,,,101,0.3516820690449678
GR1,51.621244,-115.608378,1.0,,,,,,,,,101,0.8897728824100476
GR1,51.621244,-115.608378,1.0,,,,,,,,,101,0.5808137220484014
GR1,51.621244,-115.608378,1.0,,,,,,,,,101,0.37510698058677894
GR1,51.621244,-115.608378,1.0,,,,,,,,,101,0.41630207362046523
GR1,51.621244,-115.608378,1.0,,,,,,,,,101,0.42940872028711063
GR1,51.621244,-115.608378,1.0,,,,,,,,,101,0.14246146553648753
GR1,51.621244,-115.608378,1.0,,,,,,,,,101,0.9523035918061211
GR1,51.621244,-115.608378,1.0,,,,,,,,,101,0.3692867089687769
GR1,51.621244,-115.608378,1.0,,,,,,,,,101,0.9693303758324656
GR1,51.621244,-115.608378,1.0,,,,,,,,,101,0.020738078892357348
GR1,51.621244,-115.608378,1.0,,,,,,,,,101,0.5327809599056018
GR1,51.621244,-115.608378,1.0,,,,,,,,,101,0.5575082866525573
GR1,51.621244,-115.608378,1.0,,,,,,,,,101,0.6339870864811028
GR1,51.621244,-115.608378,1.0,,,,,,,,,101,0.9987960572249942
GR1,51.621244,-115.608378,1.0,,,,,,,,,101,0.2842814775625184
GR1,51.621244,-115.608378,1.0,,,,,,,,,101,0.454966250346178
GR1,51.621244,-115.608378,1.0,,,,,,,,,101,0.11650165984917582
GR1,51.621244,-115.608378,1.0,,,,,,,,,101,0.136438241652866
GR1,51.621244,-115.608378,1.0,,,,,,,,,101,0.5817049784761239
GR1,51.621244,-115.608378,1.0,,,,,,,,,101,0.014404073551030572
GR1,51.621244,-115.608378,1.0,,,,,,,,,101,0.2199343602644528
GR1,51.621244,-115.608378,1.0,,,,,,,,,101,0.5441317523762395
GR1,51.621244,-115.608378,1.0,,,,,,,,,101,0.5879122610324787
GR1,51.621244,-115.608378,1.0,,,,,,,,,101,0.7632162958436237
GR1,51.621244,-115.608378,1.0,,,,,,,,,101,0.49752471866714654
GR1,51.621244,-115.608378,1.0,,,,,,,,,101,0.08071958831515147
GR1,51.621244,-115.608378,1.0,,,,,,,,,101,0.23619638007346488
GR1,51.621244,-115.608378,1.0,,,,,,,,,101,0.024596735811397985
GR1,51.621244,-115.608378,1.0,,,,,,,,,101,0.8441767707968001
GR1,51.621244,-115.608378,1.0,,,,,,,,,101,0.16348738927307882
GR1,51.621244,-115.608378,1.0,,,,,,,,,101,0.4389854604115945
GR1,51.621244,-115.608378,1.0,,,,,,,,,101,0.19083516939469702
GR1,51.621244,-115.608378,1.0,,,,,,,,,101,0.9864505158098638
GR1,51.621244,-115.608378,1.0,,,,,,,,,101,0.5881760907894467
GR1,51.621244,-115.608378,1.0,,,,,,,,,101,0.35743895078643173
GR1,51.621244,-115.608378,1.0,,,,,,,,,101,0.3404584655502143
GR1,51.621244,-115.608378,1.0,,,,,,,,,101,0.20381322529756085
GR1,51.621244,-115.608378,1.0,,,,,,,,,101,0.6878581335987247
GR1,51.621244,-115.608378,1.0,,,,,,,,,101,0.9401459116621254
GR1,51.621244,-115.608378,1.0,,,,,,,,,101,0.06683050980984873
GR1,51.621244,-115.608378,1.0,,,,,,,,,101,0.771465692234387
GR1,51.621244,-115.608378,1.0,,,,,,,,,101,0.5102720825626097
GR1,51.621244,-115.608378,1.0,,,,,,,,,101,0.9886684840684015
GR1,51.621244,-115.608378,1.0,,,,,,,,,101,0.012107665701894588
GR1,51.621244,-115.608378,1.0,,,,,,,,,101,0.3742248666645879
GR1,51.621244,-115.608378,1.0,,,,,,,,,101,0.11699378559012485
GR1,51.621244,-115.608378,1.0,,,,,,,,,101,0.9491287635337141
GR1,51.621244,-115.608378,1.0,,,,,,,,,101,0.018939534711154615
GR1,51.621244,-115.608378,1.0,,,,,,,,,101,0.39110965144141063
GR1,51.621244,-115.608378,1.0,,,,,,,,,101,0.5637074298216181
GR1,51.621244,-115.608378,1.0,,,,,,,,,101,0.017677150735170843
GR1,51.621244,-115.608378,1.0,,,,,,,,,101,0.42377719636617883
GR1,51.621244,-115.608378,1.0,,,,,,,,,101,0.283463484047046
GR1,51.621244,-115.608378,1.0,,,,,,,,,101,0.3185458367244627
GR1,51.621244,-115.608378,1.0,,,,,,,,,101,0.9614700941415114
GR1,51.621244,-115.608378,1.0,,,,,,,,,101,0.7076054748261641
GR1,51.621244,-115.608378,1.0,,,,,,,,,101,0.5966126227780952
GR1,51.621244,-115.608378,1.0,,,,,,,,,101,0.2225258117440162
GR1,51.621244,-115.608378,1.0,,,,,,,,,101,0.8851562587505539
GR1,51.621244,-115.608378,1.0,,,,,,,,,101,0.07066012082493511
GR1,51.621244,-115.608378,1.0,,,,,,,,,101,0.5887424541317514
GR1,51.621244,-115.608378,1.0,,,,,,,,,101,0.5832453528896523
GR1,51.621244,-115.608378,1.0,,,,,,,,,101,0.7393823480071984
GR1,51.621244,-115.608378,1.0,,,,,,,,,101,0.2477620464821435
GR1,51.621244,-115.608378,1.0,,,,,,,,,101,0.5308304189013494
GR1,51.621244,-115.608378,1.0,,,,,,,,,101,0.3743526145055597
GR1,51.621244,-115.608378,1.0,,,,,,,,,101,0.7814521227251614
GR1,51.621244,-115.608378,1.0,,,,,,,,,101,0.9382998839258856
GR1,51.621244,-115.608378,1.0,,,,,,,,,101,0.5777296049931261
GR1,51.621244,-115.608378,1.0,,,,,,,,,101,0.9761462166759272
GR1,51.621244,-115.608378,1.0,,,,,,,,,101,0.9983417735320146
GR1,51.621244,-115.608378,1.0,,,,,,,,,101,0.47274861432056925
GR1,51.621244,-115.608378,1.0,,,,,,,,,101,0.0645755482168977
GR1,51.621244,-115.608378,1.0,,,,,,,,,101,0.5579416494982719
GR1,51.621244,-115.608378,1.0,,,,,,,,,101,0.29923994921244534
GR1,51.621244,-115.608378,1.0,,,,,,,,,101,0.8442252487667441
GR1,51.621244,-115.608378,1.0,,,,,,,,,101,0.4584691668100147
GR1,51.621244,-115.608378,1.0,,,,,,,,,101,0.7000636507518966
GR1,51.621244,-115.608378,1.0,,,,,,,,,101,0.32748872916599525
GR1,51.621244,-115.608378,1.0,,,,,,,,,101,0.9912511616037177
GR1,51.621244,-115.608378,1.0,,,,,,,,,101,0.30346489146006705
GR1,51.621244,-115.608378,1.0,,,,,,,,,101,0.871862412480512
GR1,51.621244,-115.608378,1.0,,,,,,,,,101,0.22469167926549138
GR1,51.621244,-115.608378,1.0,,,,,,,,,101,0.3115795570052977
GR1,51.621244,-115.608378,1.0,,,,,,,,,101,0.658399294350287
GR1,51.621244,-115.608378,1.0,,,,,,,,,101,0.45760728648604787
GR1,51.621244,-115.608378,1.0,,,,,,,,,101,0.18812087539953326
GR1,51.621244,-115.608378,1.0,,,,,,,,,101,0.02092837417074589
GR1,51.621244,-115.608378,1.0,,,,,,,,,101,0.6526771266848296
GR1,51.621244,-115.608378,1.0,,,,,,,,,101,0.645208652934893
GR1,51.621244,-115.608378,1.0,,,,,,,,,101,0.5147868369386945
GR1,51.621244,-115.608378,1.0,,,,,,,,,101,0.0694297452201249
GR1,51.621244,-115.608378,1.0,,,,,,,,,101,0.11920754174797477
GR1,51.621244,-115.608378,1.0,,,,,,,,,101,0.6794760593618876
GR1,51.621244,-115.608378,1.0,,,,,,,,,101,0.15248805543316946
GR1,51.621244,-115.608378,1.0,,,,,,,,,101,0.021339132144691297
GR1,51.621244,-115.608378,1.0,,,,,,,,,101,0.5340278174894859
GR1,51.621244,-115.608378,1.0,,,,,,,,,101,0.6402165197559796
GR1,51.621244,-115.608378,1.0,,,,,,,,,101,0.09490396581836591
GR1,51.621244,-115.608378,1.0,,,,,,,,,101,0.7967330615932361
GR1,51.621244,-115.608378,1.0,,,,,,,,,101,0.5222381155317963
GR1,51.621244,-115.608378,1.0,,,,,,,,,101,0.1445546920362576
GR1,51.621244,-115.608378,1.0,,,,,,,,,101,0.0028868041263796496
GR1,51.621244,-115.608378,1.0,,,,,,,,,101,0.12823907099048104
GR1,51.621244,-115.608378,1.0,,,,,,,,,101,0.7856378583941637
GR1,51.621244,-115.608378,1.0,,,,,,,,,101,0.49627694587952553
GR1,51.621244,-115.608378,1.0,,,,,,,,,101,0.8968417183664956
GR1,51.621244,-115.608378,1.0,,,,,,,,,101,0.22146751942177223
GR1,51.621244,-115.608378,1.0,,,,,,,,,101,0.5204106799084169
GR1,51.621244,-115.608378,1.0,,,,,,,,,101,0.10247527067973206
GR1,51.621244,-115.608378,1.0,,,,,,,,,101,0.4861596399260717
GR1,51.621244,-115.608378,1.0,,,,,,,,,101,0.2083626253146803
GR1,51.621244,-115.608378,1.0,,,,,,,,,101,0.9280782021238169
GR1,51.621244,-115.608378,1.0,,,,,,,,,101,0.6110097360850818
GR1,51.621244,-115.608378,1.0,,,,,,,,,101,0.7944935882533765
GR1,51.621244,-115.608378,1.0,,,,,,,,,101,0.36079896722520244
GR1,51.621244,-115.608378,1.0,,,,,,,,,101,0.5483311904592086
GR1,51.621244,-115.608378,1.0,,,,,,,,,101,0.24404538462682102
GR1,51.621244,-115.608378,1.0,,,,,,,,,101,0.4228797836358158
GR1,51.621244,-115.608378,1.0,,,,,,,,,101,0.4671272969005088
GR1,51.621244,-115.608378,1.0,,,,,,,,,101,0.4245156759067179
GR1,51.621244,-115.608378,1.0,,,,,,,,,101,0.8944063274188851
GR1,51.621244,-115.608378,1.0,,,,,,,,,101,0.5522238716167257
GR1,51.621244,-115.608378,1.0,,,,,,,,,101,0.9939446794727027
GR1,51.621244,-115.608378,1.0,,,,,,,,,101,0.9183502060628982
GR1,51.621244,-115.608378,1.0,,,,,,,,,101,0.48431020847842066
GR1,51.621244,-115.608378,1.0,,,,,,,,,101,0.7204317834845277
GR1,51.621244,-115.608378,1.0,,,,,,,,,101,0.18258057630022895
GR1,51.621244,-115.608378,1.0,,,,,,,,,101,0.2982239117133668
GR1,51.621244,-115.608378,1.0,,,,,,,,,101,0.2967174299995692
GR1,51.621244,-115.608378,1.0,,,,,,,,,101,0.22523512357469855
GR1,51.621244,-115.608378,1.0,,,,,,,,,101,0.12333941755452349
GR1,51.621244,-115.608378,1.0,,,,,,,,,101,0.38726932511177514
GR1,51.621244,-115.608378,1.0,,,,,,,,,101,0.025484650307736945
GR1,51.621244,-115.608378,1.0,,,,,,,,,101,0.21659315686619618
GR1,51.621244,-115.608378,1.0,,,,,,,,,101,0.39382735205641983
GR1,51.621244,-115.608378,1.0,,,,,,,,,101,0.09497173472891685
GR1,51.621244,-115.608378,1.0,,,,,,,,,101,0.6623087106636172
GR1,51.621244,-115.608378,1.0,,,,,,,,,101,0.1519897981068432
GR1,51.621244,-115.608378,1.0,,,,,,,,,101,0.5938741405944205
GR1,51.621244,-115.608378,1.0,,,,,,,,,101,0.9409403931607293
GR1,51.621244,-115.608378,1.0,,,,,,,,,101,0.9320127860054164
GR1,51.621244,-115.608378,1.0,,,,,,,,,101,0.17303941592432737
GR1,51.621244,-115.608378,1.0,,,,,,,,,101,0.2156569235926027
GR1,51.621244,-115.608378,1.0,,,,,,,,,101,0.27450620728641073
GR1,51.621244,-115.608378,1.0,,,,,,,,,101,0.10017356487161033
GR1,51.621244,-115.608378,1.0,,,,,,,,,101,0.7665554390290693
GR1,51.621244,-115.608378,1.0,,,,,,,,,101,0.2409373787772222
GR1,51.621244,-115.608378,1.0,,,,,,,,,101,0.6364363058544599
GR1,51.621244,-115.608378,1.0,,,,,,,,,101,0.16050181394538465
GR1,51.621244,-115.608378,1.0,,,,,,,,,101,0.5009546856496354
GR1,51.621244,-115.608378,1.0,,,,,,,,,101,0.5729252573667167
GR1,51.621244,-115.608378,1.0,,,,,,,,,101,0.8374819848107563
GR1,51.621244,-115.608378,1.0,,,,,,,,,101,0.841706415852929
GR1,51.621244,-115.608378,1.0,,,,,,,,,101,0.8426272451828555
GR1,51.621244,-115.608378,1.0,,,,,,,,,101,0.4451217074474674
GR1,51.621244,-115.608378,1.0,,,,,,,,,101,0.9647490969176624
GR1,51.621244,-115.608378,1.0,,,,,,,,,101,0.41566810758366335
GR1,51.621244,-115.608378,1.0,,,,,,,,,101,0.8027230311983695
GR1,51.621244,-115.608378,1.0,,,,,,,,,101,0.4105142341302299
GR1,51.621244,-115.608378,1.0,,,,,,,,,101,0.9949134924169286
GR1,51.621244,-115.608378,1.0,,,,,,,,,101,0.052600356798761405
GR1,51.621244,-115.608378,1.0,,,,,,,,,101,0.5598509947926197
GR1,51.621244,-115.608378,1.0,,,,,,,,,101,0.8874545724925413
GR1,51.621244,-115.608378,1.0,,,,,,,,,101,0.12294779722946969
GR1,51.621244,-115.608378,1.0,,,,,,,,,101,0.13864226168887028
GR1,51.621244,-115.608378,1.0,,,,,,,,,101,0.542760613526007
GR1,51.621244,-115.608378,1.0,,,,,,,,,101,0.9371299790677978
GR1,51.621244,-115.608378,1.0,,,,,,,,,101,0.7308620846410807
GR1,51.621244,-115.608378,1.0,,,,,,,,,101,0.6400373067623016
GR1,51.621244,-115.608378,1.0,,,,,,,,,101,0.9729887688809511
GR1,51.621244,-115.608378,1.0,,,,,,,,,101,0.7143331260621799
GR1,51.621244,-115.608378,1.0,,,,,,,,,101,0.10486842076741598
GR1,51.621244,-115.608378,1.0,,,,,,,,,101,0.3091238889686706
GR1,51.621244,-115.608378,1.0,,,,,,,,,101,0.973182818903863
GR1,51.621244,-115.608378,1.0,,,,,,,,,101,0.20032685299218855
GR1,51.621244,-115.608378,1.0,,,,,,,,,101,0.9444054107609139
GR1,51.621244,-115.608378,1.0,,,,,,,,,101,0.003539828186770122
GR1,51.621244,-115.608378,1.0,,,,,,,,,101,0.7650217372896513
GR1,51.621244,-115.608378,1.0,,,,,,,,,101,0.6849888295783051
GR1,51.621244,-115.608378,1.0,,,,,,,,,101,0.6932728882803192
GR1,51.621244,-115.608378,1.0,,,,,,,,,101,0.5199347404079238
GR1,51.621244,-115.608378,1.0,,,,,,,,,101,0.40547357018381547
GR1,51.621244,-115.608378,1.0,,,,,,,,,101,0.16476571063385104
GR1,51.621244,-115.608378,1.0,,,,,,,,,101,0.8234167096293837
GR1,51.621244,-115.608378,1.0,,,,,,,,,101,0.837911516562876
GR1,51.621244,-115.608378,1.0,,,,,,,,,101,0.40976952952834333
GR1,51.621244,-115.608378,1.0,,,,,,,,,101,0.7517755792454335
GR1,51.621244,-115.608378,1.0,,,,,,,,,101,0.9000863732169471
GR1,51.621244,-115.608378,1.0,,,,,,,,,101,0.07492001121104641
GR1,51.621244,-115.608378,1.0,,,,,,,,,101,0.2581145841789607
GR1,51.621244,-115.608378,1.0,,,,,,,,,101,0.7571636269603577
GR1,51.621244,-115.608378,1.0,,,,,,,,,101,0.6792402584972085
GR1,51.621244,-115.608378,1.0,,,,,,,,,101,0.7336222988112308
GR1,51.621244,-115.608378,1.0,,,,,,,,,101,0.19832348865276261
GR1,51.621244,-115.608378,1.0,,,,,,,,,101,0.8336636374953976
GR1,51.621244,-115.608378,1.0,,,,,,,,,101,0.25676952868655634
GR1,51.621244,-115.608378,1.0,,,,,,,,,101,0.2286427280396206
GR1,51.621244,-115.608378,1.0,,,,,,,,,101,0.6707127651291409
GR1,51.621244,-115.608378,1.0,,,,,,,,,101,0.32295704507647527
GR1,51.621244,-115.608378,1.0,,,,,,,,,101,0.5958107586500289
GR1,51.621244,-115.608378,1.0,,,,,,,,,101,0.4844634321746297
GR1,51.621244,-115.608378,1.0,,,,,,,,,101,0.07763041711995267
GR1,51.621244,-115.608378,1.0,,,,,,,,,101,0.699704841973853
GR1,51.621244,-115.608378,1.0,,,,,,,,,101,0.6776260721397275
GR1,51.621244,-115.608378,1.0,,,,,,,,,101,0.8377351778327791
GR1,51.621244,-115.608378,1.0,,,,,,,,,101,0.013725748340306043
GR1,51.621244,-115.608378,1.0,,,,,,,,,101,0.25396283273600406
GR1,51.621244,-115.608378,1.0,,,,,,,,,101,0.7457739590192128
GR1,51.621244,-115.608378,1.0,,,,,,,,,101,0.6550517921450144
GR1,51.621244,-115.608378,1.0,,,,,,,,,101,0.1550934447652359
GR1,51.621244,-115.608378,1.0,,,,,,,,,101,0.5586867667781164
GR1,51.621244,-115.608378,1.0,,,,,,,,,101,0.6917688292413744
GR1,51.621244,-115.608378,1.0,,,,,,,,,101,0.8360015997986874
GR1,51.621244,-115.608378,1.0,,,,,,,,,101,0.8871800742311156
GR1,51.621244,-115.608378,1.0,,,,,,,,,101,0.8517917764144427
GR1,51.621244,-115.608378,1.0,,,,,,,,,101,0.4826086352139124
GR1,51.621244,-115.608378,1.0,,,,,,,,,101,0.1521009598045615
GR1,51.621244,-115.608378,1.0,,,,,,,,,101,0.44076423486874206
GR1,51.621244,-115.608378,1.0,,,,,,,,,101,0.8396605105030511
GR1,51.621244,-115.608378,1.0,,,,,,,,,101,0.5172582361319668
GR1,51.621244,-115.608378,1.0,,,,,,,,,101,0.7278860241107851
GR1,51.621244,-115.608378,1.0,,,,,,,,,101,0.8177988451483105
GR1,51.621244,-115.608378,1.0,,,,,,,,,101,0.14735271545199746
GR1,51.621244,-115.608378,1.0,,,,,,,,,101,0.49376346720239905
GR1,51.621244,-115.608378,1.0,,,,,,,,,101,0.4422066295095656
GR1,51.621244,-115.608378,1.0,,,,,,,,,101,0.6335698467453054
GR1,51.621244,-115.608378,1.0,,,,,,,,,101,0.6229822678166473
GR1,51.621244,-115.608378,1.0,,,,,,,,,101,0.05470036260991218
GR1,51.621244,-115.608378,1.0,,,,,,,,,101,0.9240952431391549
GR1,51.621244,-115.608378,1.0,,,,,,,,,101,0.6543808903444994
GR1,51.621244,-115.608378,1.0,,,,,,,,,101,0.3476240587184378
GR1,51.621244,-115.608378,1.0,,,,,,,,,101,0.4409643077689429
GR1,51.621244,-115.608378,1.0,,,,,,,,,101,0.15195147034738454
GR1,51.621244,-115.608378,1.0,,,,,,,,,101,0.7215837174265586
GR1,51.621244,-115.608378,1.0,,,,,,,,,101,0.33342711496393673
GR1,51.621244,-115.608378,1.0,,,,,,,,,101,0.13794002562221452
GR1,51.621244,-115.608378,1.0,,,,,,,,,101,0.6397245279791705
GR1,51.621244,-115.608378,1.0,,,,,,,,,101,0.3592548812372378
GR1,51.621244,-115.608378,1.0,,,,,,,,,101,0.5262972729394498
GR1,51.621244,-115.608378,1.0,,,,,,,,,101,0.8388718507413715
GR1,51.621244,-115.608378,1.0,,,,,,,,,101,0.3254032811367601
GR1,51.621244,-115.608378,1.0,,,,,,,,,101,0.4845932142830305
GR1,51.621244,-115.608378,1.0,,,,,,,,,101,0.28808068278518917
GR1,51.621244,-115.608378,1.0,,,,,,,,,101,0.8361657834061771
GR1,51.621244,-115.608378,1.0,,,,,,,,,101,0.78163182264621
GR1,51.621244,-115.608378,1.0,,,,,,,,,101,0.7966909077558407
GR1,51.621244,-115.608378,1.0,,,,,,,,,101,0.6187269402895648
GR1,51.621244,-115.608378,1.0,,,,,,,,,101,0.02522008869285941
GR1,51.621244,-115.608378,1.0,,,,,,,,,101,0.1503622811756603
GR1,51.621244,-115.608378,1.0,,,,,,,,,101,0.372080099906997
GR1,51.621244,-115.608378,1.0,,,,,,,,,101,0.528591373971404
GR1,51.621244,-115.608378,1.0,,,,,,,,,101,0.7369119387592575
GR1,51.621244,-115.608378,1.0,,,,,,,,,101,0.7481196372501537
GR1,51.621244,-115.608378,1.0,,,,,,,,,101,0.2987894539584137
GR1,51.621244,-115.608378,1.0,,,,,,,,,101,0.5365781477434344
GR1,51.621244,-115.608378,1.0,,,,,,,,,101,0.5647587061515469
GR1,51.621244,-115.608378,1.0,,,,,,,,,101,0.19587196766470039
GR1,51.621244,-115.608378,1.0,,,,,,,,,101,0.48426266920943284
GR1,51.621244,-115.608378,1.0,,,,,,,,,101,0.980147709381072
GR1,51.621244,-115.608378,1.0,,,,,,,,,101,0.3665624169405163
GR1,51.621244,-115.608378,1.0,,,,,,,,,101,0.4766671163927386
GR1,51.621244,-115.608378,1.0,,,,,,,,,101,0.4377166817473028
GR1,51.621244,-115.608378,1.0,,,,,,,,,101,0.3914530532663739
GR1,51.621244,-115.608378,1.0,,,,,,,,,101,0.4122663035056724
GR1,51.621244,-115.608378,1.0,,,,,,,,,101,0.7436306215549288
GR1,51.621244,-115.608378,1.0,,,,,,,,,101,0.8597378060287929
GR1,51.621244,-115.608378,1.0,,,,,,,,,101,0.1745698261314237
GR1,51.621244,-115.608378,1.0,,,,,,,,,101,0.9467763718596068
GR1,51.621244,-115.608378,1.0,,,,,,,,,101,0.27455556369041
GR1,51.621244,-115.608378,1.0,,,,,,,,,101,0.944710616475483
GR1,51.621244,-115.608378,1.0,,,,,,,,,101,0.18103007018450945
GR1,51.621244,-115.608378,1.0,,,,,,,,,101,0.1759860448939019
GR1,51.621244,-115.608378,1.0,,,,,,,,,101,0.11478975567389427
GR1,51.621244,-115.608378,1.0,,,,,,,,,101,0.27349762600604144
GR1,51.621244,-115.608378,1.0,,,,,,,,,101,0.6877954228072828
GR1,51.621244,-115.608378,1.0,,,,,,,,,101,0.9688808156605047
GR1,51.621244,-115.608378,1.0,,,,,,,,,101,0.0269199620182633
GR1,51.621244,-115.608378,1.0,,,,,,,,,101,0.923577622327692
GR1,51.621244,-115.608378,1.0,,,,,,,,,101,0.19880754829281533
GR1,51.621244,-115.608378,1.0,,,,,,,,,101,0.4376633090286244
GR1,51.621244,-115.608378,1.0,,,,,,,,,101,0.6466101530016636
GR1,51.621244,-115.608378,1.0,,,,,,,,,101,0.344295160940434
GR1,51.621244,-115.608378,1.0,,,,,,,,,101,0.4160756040056377
GR1,51.621244,-115.608378,1.0,,,,,,,,,101,0.8168781808888678
GR1,51.621244,-115.608378,1.0,,,,,,,,,101,0.2892112372601662
GR1,51.621244,-115.608378,1.0,,,,,,,,,101,0.9018054436191385
GR1,51.621244,-115.608378,1.0,,,,,,,,,101,0.8688043487415021
GR1,51.621244,-115.608378,1.0,,,,,,,,,101,0.6443354124754859
GR1,51.621244,-115.608378,1.0,,,,,,,,,101,0.5062673237530646
GR1,51.621244,-115.608378,1.0,,,,,,,,,101,0.809024761893858
GR1,51.621244,-115.608378,1.0,,,,,,,,,101,0.4635369323201466
GR1,51.621244,-115.608378,1.0,,,,,,,,,101,0.3828174209841765
GR1,51.621244,-115.608378,1.0,,,,,,,,,101,0.9113428637814193
GR1,51.621244,-115.608378,1.0,,,,,,,,,101,0.01867790900515376
GR1,51.621244,-115.608378,1.0,,,,,,,,,101,0.27797688007464105
GR1,51.621244,-115.608378,1.0,,,,,,,,,101,0.5290540208031937
GR1,51.621244,-115.608378,1.0,,,,,,,,,101,0.43414822571164735
GR1,51.621244,-115.608378,1.0,,,,,,,,,101,0.45708607605331497
GR1,51.621244,-115.608378,1.0,,,,,,,,,101,0.40630544392190804
GR1,51.621244,-115.608378,1.0,,,,,,,,,101,0.8541019984098634
GR1,51.621244,-115.608378,1.0,,,,,,,,,101,0.1817325046667032
GR1,51.621244,-115.608378,1.0,,,,,,,,,101,0.7139560457412997
GR1,51.621244,-115.608378,1.0,,,,,,,,,101,0.5621333002818785
GR1,51.621244,-115.608378,1.0,,,,,,,,,101,0.14691282584553023
GR1,51.621244,-115.608378,1.0,,,,,,,,,101,0.009692940301521236
GR1,51.621244,-115.608378,1.0,,,,,,,,,101,0.6985441954250529
GR1,51.621244,-115.608378,1.0,,,,,,,,,101,0.3717828508414869
GR1,51.621244,-115.608378,1.0,,,,,,,,,101,0.7693671060617931
GR1,51.621244,-115.608378,1.0,,,,,,,,,101,0.6593083323889121
GR1,51.621244,-115.608378,1.0,,,,,,,,,101,0.015532766180810786
GR1,51.621244,-115.608378,1.0,,,,,,,,,101,0.7849618301657569
GR1,51.621244,-115.608378,1.0,,,,,,,,,101,0.5722649866867492
GR1,51.621244,-115.608378,1.0,,,,,,,,,101,0.8139339029574562
GR1,51.621244,-115.608378,1.0,,,,,,,,,101,0.8853960823075869
GR1,51.621244,-115.608378,1.0,,,,,,,,,101,0.012250787002823782
GR1,51.621244,-115.608378,1.0,,,,,,,,,101,0.6487170521367728
GR1,51.621244,-115.608378,1.0,,,,,,,,,101,0.7608491964098939
GR1,51.621244,-115.608378,1.0,,,,,,,,,101,0.9588841827310955
GR1,51.621244,-115.608378,1.0,,,,,,,,,101,0.6885018770293561
GR1,51.621244,-115.608378,1.0,,,,,,,,,101,0.8062753782136247
GR1,51.621244,-115.608378,1.0,,,,,,,,,101,0.052372961569599696
GR1,51.621244,-115.608378,1.0,,,,,,,,,101,0.30823114633820325
GR1,51.621244,-115.608378,1.0,,,,,,,,,101,0.5581095075865027
GR1,51.621244,-115.608378,1.0,,,,,,,,,101,0.28225391809887856
GR1,51.621244,-115.608378,1.0,,,,,,,,,101,0.018052580191128098
GR1,51.621244,-115.608378,1.0,,,,,,,,,101,0.31721385155246873
GR1,51.621244,-115.608378,1.0,,,,,,,,,101,0.9263664827119883
GR1,51.621244,-115.608378,1.0,,,,,,,,,101,0.33539355875116383
GR1,51.621244,-115.608378,1.0,,,,,,,,,101,0.7256595116884906
GR1,51.621244,-115.608378,1.0,,,,,,,,,101,0.5207124402197568
GR1,51.621244,-115.608378,1.0,,,,,,,,,101,0.6433880463897376
GR1,51.621244,-115.608378,1.0,,,,,,,,,101,0.16128696611856985
GR1,51.621244,-115.608378,1.0,,,,,,,,,101,0.9788830592630078
GR1,51.621244,-115.608378,1.0,,,,,,,,,101,0.6052565854400402
GR1,51.621244,-115.608378,1.0,,,,,,,,,101,0.9074247602487371
GR1,51.621244,-115.608378,1.0,,,,,,,,,101,0.7851330659138066
GR1,51.621244,-115.608378,1.0,,,,,,,,,101,0.5998649966783115
GR1,51.621244,-115.608378,1.0,,,,,,,,,101,0.5454669827577019
GR1,51.621244,-115.608378,1.0,,,,,,,,,101,0.9525878753869813
GR1,51.621244,-115.608378,1.0,,,,,,,,,101,0.9712426580475206
GR1,51.621244,-115.608378,1.0,,,,,,,,,101,0.5455852370904241
GR1,51.621244,-115.608378,1.0,,,,,,,,,101,0.8076485710480353
GR1,51.621244,-115.608378,1.0,,,,,,,,,101,0.6543558418957686
GR1,51.621244,-115.608378,1.0,,,,,,,,,101,0.5535327545643992
GR1,51.621244,-115.608378,1.0,,,,,,,,,101,0.48357905672499324
GR1,51.621244,-115.608378,1.0,,,,,,,,,101,0.2114708478793046
GR1,51.621244,-115.608378,1.0,,,,,,,,,101,0.46401964941552865
GR1,51.621244,-115.608378,1.0,,,,,,,,,101,0.5481704778154449
GR1,51.621244,-115.608378,1.0,,,,,,,,,101,0.7051895925621912
GR1,51.621244,-115.608378,1.0,,,,,,,,,101,0.1694495589338677
GR1,51.621244,-115.608378,1.0,,,,,,,,,101,0.8496562991862477
GR1,51.621244,-115.608378,1.0,,,,,,,,,101,0.24117512095504945
GR1,51.621244,-115.608378,1.0,,,,,,,,,101,0.7222019918594398
GR1,51.621244,-115.608378,1.0,,,,,,,,,101,0.8902188385846932
GR1,51.621244,-115.608378,1.0,,,,,,,,,101,0.7384314246174769
GR1,51.621244,-115.608378,1.0,,,,,,,,,101,0.3183266544760567
GR1,51.621244,-115.608378,1.0,,,,,,,,,101,0.5413824164946636
GR1,51.621244,-115.608378,1.0,,,,,,,,,101,0.8072283333562882
GR1,51.621244,-115.608378,1.0,,,,,,,,,101,0.9422592831858885
GR1,51.621244,-115.608378,1.0,,,,,,,,,101,0.6630462011843407
GR1,51.621244,-115.608378,1.0,,,,,,,,,101,0.3160915089669214
GR1,51.621244,-115.608378,1.0,,,,,,,,,101,0.2819244125371756
GR1,51.621244,-115.608378,1.0,,,,,,,,,101,0.5395806002279878
GR1,51.621244,-115.608378,1.0,,,,,,,,,101,0.9780548598653052
GR1,51.621244,-115.608378,1.0,,,,,,,,,101,0.4661810729520348
GR1,51.621244,-115.608378,1.0,,,,,,,,,101,0.595453821515883
GR1,51.621244,-115.608378,1.0,,,,,,,,,101,0.5574232755970607
GR1,51.621244,-115.608378,1.0,,,,,,,,,101,0.042479390775852166
GR1,51.621244,-115.608378,1.0,,,,,,,,,101,0.9976862851824942
GR1,51.621244,-115.608378,1.0,,,,,,,,,101,0.7020802516601656
GR1,51.621244,-115.608378,1.0,,,,,,,,,101,0.007369514278056544
GR1,51.621244,-115.608378,1.0,,,,,,,,,101,0.45514699385059665
GR1,51.621244,-115.608378,1.0,,,,,,,,,101,0.40953735499012534
GR1,51.621244,-115.608378,1.0,,,,,,,,,101,0.9980514369755769
GR1,51.621244,-115.608378,1.0,,,,,,,,,101,0.19286125878793292
GR1,51.621244,-115.608378,1.0,,,,,,,,,101,0.6233361682500387
GR1,51.621244,-115.608378,1.0,,,,,,,,,101,0.7706841868448912
GR1,51.621244,-115.608378,1.0,,,,,,,,,101,0.00972645483783563
GR1,51.621244,-115.608378,1.0,,,,,,,,,101,0.6340882561669079
GR1,51.621244,-115.608378,1.0,,,,,,,,,101,0.4904681050481642
GR1,51.621244,-115.608378,1.0,,,,,,,,,101,0.014340468488668767
GR1,51.621244,-115.608378,1.0,,,,,,,,,101,0.10248947336175396
GR1,51.621244,-115.608378,1.0,,,,,,,,,101,0.8961733430835358
GR1,51.621244,-115.608378,1.0,,,,,,,,,101,0.7945091026041683
GR1,51.621244,-115.608378,1.0,,,,,,,,,101,0.47931244324454847
GR1,51.621244,-115.608378,1.0,,,,,,,,,101,0.615488792758704
GR1,51.621244,-115.608378,1.0,,,,,,,,,101,0.9711625801998639
GR1,51.621244,-115.608378,1.0,,,,,,,,,101,0.4869510899805298
GR1,51.621244,-115.608378,1.0,,,,,,,,,101,0.3328209272106031
GR1,51.621244,-115.608378,1.0,,,,,,,,,101,0.01209022576232166
GR1,51.621244,-115.608378,1.0,,,,,,,,,101,0.5717364737224527
GR1,51.621244,-115.608378,1.0,,,,,,,,,101,0.3514087252997714
GR1,51.621244,-115.608378,1.0,,,,,,,,,101,0.9721320264483256
GR1,51.621244,-115.608378,1.0,,,,,,,,,101,0.08392047383037571
GR1,51.621244,-115.608378,1.0,,,,,,,,,101,0.45739835726538614
GR1,51.621244,-115.608378,1.0,,,,,,,,,101,0.8677439529562573
GR1,51.621244,-115.608378,1.0,,,,,,,,,101,0.215822280104095
GR1,51.621244,-115.608378,1.0,,,,,,,,,101,0.298106453989207
GR1,51.621244,-115.608378,1.0,,,,,,,,,101,0.006018492896883942
GR1,51.621244,-115.608378,1.0,,,,,,,,,101,0.023064442454538203
GR1,51.621244,-115.608378,1.0,,,,,,,,,101,0.8074146202862053
GR1,51.621244,-115.608378,1.0,,,,,,,,,101,0.539895142481097
GR1,51.621244,-115.608378,1.0,,,,,,,,,101,0.24829001887786084
GR1,51.621244,-115.608378,1.0,,,,,,,,,101,0.35445873405101547
GR1,51.621244,-115.608378,1.0,,,,,,,,,101,0.8865770608946386
GR1,51.621244,-115.608378,1.0,,,,,,,,,101,0.4415083290272269
GR1,51.621244,-115.608378,1.0,,,,,,,,,101,0.5075112902278812
GR1,51.621244,-115.608378,1.0,,,,,,,,,101,0.4482676144408594
GR1,51.621244,-115.608378,1.0,,,,,,,,,101,0.060423662163320846
GR1,51.621244,-115.608378,1.0,,,,,,,,,101,0.06008956448727454
GR1,51.621244,-115.608378,1.0,,,,,,,,,101,0.8064156192897614
GR1,51.621244,-115.608378,1.0,,,,,,,,,101,0.7953554503523498
GR1,51.621244,-115.608378,1.0,,,,,,,,,101,0.9967877081757189
GR1,51.621244,-115.608378,1.0,,,,,,,,,101,0.943771080364873
GR1,51.621244,-115.608378,1.0,,,,,,,,,101,0.8839160421668971
GR1,51.621244,-115.608378,1.0,,,,,,,,,101,0.1519819722739293
GR1,51.621244,-115.608378,1.0,,,,,,,,,101,0.9774696179304895
GR1,51.621244,-115.608378,1.0,,,,,,,,,101,0.48511026868506535
GR1,51.621244,-115.608378,1.0,,,,,,,,,101,0.999935285469812
GR1,51.621244,-115.608378,1.0,,,,,,,,,101,0.020825836299266487
GR1,51.621244,-115.608378,1.0,,,,,,,,,101,0.5924410653096477
GR1,51.621244,-115.608378,1.0,,,,,,,,,101,0.37917341848736763
GR1,51.621244,-115.608378,1.0,,,,,,,,,101,0.15519870000754765
GR1,51.621244,-115.608378,1.0,,,,,,,,,101,0.7300585266662276
GR1,51.621244,-115.608378,1.0,,,,,,,,,101,0.8952126501591329
GR1,51.621244,-115.608378,1.0,,,,,,,,,101,0.6174521047492877
GR1,51.621244,-115.608378,1.0,,,,,,,,,101,0.9107772305279401
GR1,51.621244,-115.608378,1.0,,,,,,,,,101,0.9582259661345371
GR1,51.621244,-115.608378,1.0,,,,,,,,,101,0.4305168827798507
GR1,51.621244,-115.608378,1.0,,,,,,,,,101,0.510270928853853
GR1,51.621244,-115.608378,1.0,,,,,,,,,101,0.1289899890088898
GR1,51.621244,-115.608378,1.0,,,,,,,,,101,0.4098106758983635
GR1,51.621244,-115.608378,1.0,,,,,,,,,101,0.5163226564305148
GR1,51.621244,-115.608378,1.0,,,,,,,,,101,0.2214713302534561
GR1,51.621244,-115.608378,1.0,,,,,,,,,101,0.2718297295750538
GR1,51.621244,-115.608378,1.0,,,,,,,,,101,0.2820027810062543
GR1,51.621244,-115.608378,1.0,,,,,,,,,101,0.3884007637197364
GR1,51.621244,-115.608378,1.0,,,,,,,,,101,0.14007914169340097
GR1,51.621244,-115.608378,1.0,,,,,,,,,101,0.8933021834158501
GR1,51.621244,-115.608378,1.0,,,,,,,,,101,0.4069255685862663
GR1,51.621244,-115.608378,1.0,,,,,,,,,101,0.5325218919784941
GR1,51.621244,-115.608378,1.0,,,,,,,,,101,0.52763409918294
GR1,51.621244,-115.608378,1.0,,,,,,,,,101,0.44980620552587003
GR1,51.621244,-115.608378,1.0,,,,,,,,,101,0.1932971230781041
GR1,51.621244,-115.608378,1.0,,,,,,,,,101,0.9572660909161821
GR1,51.621244,-115.608378,1.0,,,,,,,,,101,0.38209722542486946
GR1,51.621244,-115.608378,1.0,,,,,,,,,101,0.5880565526474983
GR1,51.621244,-115.608378,1.0,,,,,,,,,101,0.8294260032076128
GR1,51.621244,-115.608378,1.0,,,,,,,,,101,0.2996712001955577
GR1,51.621244,-115.608378,1.0,,,,,,,,,101,0.3322433976931225
GR1,51.621244,-115.608378,1.0,,,,,,,,,101,0.2257034334286272
GR1,51.621244,-115.608378,1.0,,,,,,,,,101,0.6249287827622592
GR1,51.621244,-115.608378,1.0,,,,,,,,,101,0.4387415760469062
GR1,51.621244,-115.608378,1.0,,,,,,,,,101,0.14634884605441534
GR1,51.621244,-115.608378,1.0,,,,,,,,,101,0.6554621406508898
GR1,51.621244,-115.608378,1.0,,,,,,,,,101,0.30622120598386904
GR1,51.621244,-115.608378,1.0,,,,,,,,,101,0.1772349450128139
GR1,51.621244,-115.608378,1.0,,,,,,,,,101,0.7631265315576873
GR1,51.621244,-115.608378,1.0,,,,,,,,,101,0.06899584911982115
GR1,51.621244,-115.608378,1.0,,,,,,,,,101,0.26606912776673697
GR1,51.621244,-115.608378,1.0,,,,,,,,,101,0.1505142124674813
GR1,51.621244,-115.608378,1.0,,,,,,,,,101,0.7336511627664605
GR1,51.621244,-115.608378,1.0,,,,,,,,,101,0.9231491321401357
GR1,51.621244,-115.608378,1.0,,,,,,,,,101,0.3386309231655862
GR1,51.621244,-115.608378,1.0,,,,,,,,,101,0.31004572536865205
GR1,51.621244,-115.608378,1.0,,,,,,,,,101,0.8544238068967822
GR1,51.621244,-115.608378,1.0,,,,,,,,,101,0.2161598848103602
GR1,51.621244,-115.608378,1.0,,,,,,,,,101,0.2975342567492859
GR1,51.621244,-115.608378,1.0,,,,,,,,,101,0.0707145452875706
GR1,51.621244,-115.608378,1.0,,,,,,,,,101,0.09979539230627665
GR1,51.621244,-115.608378,1.0,,,,,,,,,101,0.394055858902968
GR1,51.621244,-115.608378,1.0,,,,,,,,,101,0.8717656485742223
GR1,51.621244,-115.608378,1.0,,,,,,,,,101,0.560161391716832
GR1,51.621244,-115.608378,1.0,,,,,,,,,101,0.9400708628992274
GR1,51.621244,-115.608378,1.0,,,,,,,,,101,0.8457426398497193
GR1,51.621244,-115.608378,1.0,,,,,,,,,101,0.019533401039952936
GR1,51.621244,-115.608378,1.0,,,,,,,,,101,0.005347740645117116
GR1,51.621244,-115.608378,1.0,,,,,,,,,101,0.9296657241640081
GR1,51.621244,-115.608378,1.0,,,,,,,,,101,0.3597033425140892
GR1,51.621244,-115.608378,1.0,,,,,,,,,101,0.6203350349589096
GR1,51.621244,-115.608378,1.0,,,,,,,,,101,0.632105590485026
GR1,51.621244,-115.608378,1.0,,,,,,,,,101,0.6380234727064543
GR1,51.621244,-115.608378,1.0,,,,,,,,,101,0.39554859922169117
GR1,51.621244,-115.608378,1.0,,,,,,,,,101,0.5375691306813707
GR1,51.621244,-115.608378,1.0,,,,,,,,,101,0.9872581770874893
GR1,51.621244,-115.608378,1.0,,,,,,,,,101,0.5312181476190047
GR1,51.621244,-115.608378,1.0,,,,,,,,,101,0.6398357589783432
GR1,51.621244,-115.608378,1.0,,,,,,,,,101,0.12526749103884516
GR1,51.621244,-115.608378,1.0,,,,,,,,,101,0.5653926840300063
GR1,51.621244,-115.608378,1.0,,,,,,,,,101,0.7336389746672292
GR1,51.621244,-115.608378,1.0,,,,,,,,,101,0.23567136011735046
GR1,51.621244,-115.608378,1.0,,,,,,,,,101,0.30228509971635087
GR1,51.621244,-115.608378,1.0,,,,,,,,,101,0.1756737283055979
GR1,51.621244,-115.608378,1.0,,,,,,,,,101,0.21900511348626406
GR1,51.621244,-115.608378,1.0,,,,,,,,,101,0.6426046183262376
GR1,51.621244,-115.608378,1.0,,,,,,,,,101,0.08203799302777315
GR1,51.621244,-115.608378,1.0,,,,,,,,,101,0.5080536408384153
GR1,51.621244,-115.608378,1.0,,,,,,,,,101,0.7749650534636336
GR1,51.621244,-115.608378,1.0,,,,,,,,,101,0.26779299440310556
GR1,51.621244,-115.608378,1.0,,,,,,,,,101,0.07725060113653748
GR1,51.621244,-115.608378,1.0,,,,,,,,,101,0.0030225410995594615
GR1,51.621244,-115.608378,1.0,,,,,,,,,101,0.40619222791120946
GR1,51.621244,-115.608378,1.0,,,,,,,,,101,0.5699057952629937
GR1,51.621244,-115.608378,1.0,,,,,,,,,101,0.7703303248418563
GR1,51.621244,-115.608378,1.0,,,,,,,,,101,0.7354724618746143
GR1,51.621244,-115.608378,1.0,,,,,,,,,101,0.5194372786417784
GR1,51.621244,-115.608378,1.0,,,,,,,,,101,0.38472906523865813
GR1,51.621244,-115.608378,1.0,,,,,,,,,101,0.6234227129009454
GR1,51.621244,-115.608378,1.0,,,,,,,,,101,0.1102212327115738
GR1,51.621244,-115.608378,1.0,,,,,,,,,101,0.21228063377686612
GR1,51.621244,-115.608378,1.0,,,,,,,,,101,0.06798301983239274
GR1,51.621244,-115.608378,1.0,,,,,,,,,101,0.5704163014988214
GR1,51.621244,-115.608378,1.0,,,,,,,,,101,0.046160895722244466
GR1,51.621244,-115.608378,1.0,,,,,,,,,101,0.9682207815388769
GR1,51.621244,-115.608378,1.0,,,,,,,,,101,0.07840381325760315
GR1,51.621244,-115.608378,1.0,,,,,,,,,101,0.6953212252473722
GR1,51.621244,-115.608378,1.0,,,,,,,,,101,0.02858868220442079
GR1,51.621244,-115.608378,1.0,,,,,,,,,101,0.031465155533534794
GR1,51.621244,-115.608378,1.0,,,,,,,,,101,0.6827429320956918
GR1,51.621244,-115.608378,1.0,,,,,,,,,101,0.6755102885806757
GR1,51.621244,-115.608378,1.0,,,,,,,,,101,0.38223889902075936
GR1,51.621244,-115.608378,1.0,,,,,,,,,101,0.573599042883914
GR1,51.621244,-115.608378,1.0,,,,,,,,,101,0.46195004802652295
GR1,51.621244,-115.608378,1.0,,,,,,,,,101,0.43623905648025807
GR1,51.621244,-115.608378,1.0,,,,,,,,,101,0.19833494958198405
GR1,51.621244,-115.608378,1.0,,,,,,,,,101,0.04245710300529937
GR1,51.621244,-115.608378,1.0,,,,,,,,,101,0.26738018875591063
GR1,51.621244,-115.608378,1.0,,,,,,,,,101,0.5125482363939771
GR1,51.621244,-115.608378,1.0,,,,,,,,,101,0.2678288477477986
GR1,51.621244,-115.608378,1.0,,,,,,,,,101,0.2364665725533197
GR1,51.621244,-115.608378,1.0,,,,,,,,,101,0.4638504341058578
GR1,51.621244,-115.608378,1.0,,,,,,,,,101,0.6441267393173854
GR1,51.621244,-115.608378,1.0,,,,,,,,,101,0.5638491964219876
GR1,51.621244,-115.608378,1.0,,,,,,,,,101,0.32391849146484475
GR1,51.621244,-115.608378,1.0,,,,,,,,,101,0.45098949297263413
GR1,51.621244,-115.608378,1.0,,,,,,,,,101,0.2263150013294577
GR1,51.621244,-115.608378,1.0,,,,,,,,,101,0.9872078541065794
GR1,51.621244,-115.608378,1.0,,,,,,,,,101,0.8820602716611161
GR1,51.621244,-115.608378,1.0,,,,,,,,,101,0.7331101374416056
GR1,51.621244,-115.608378,1.0,,,,,,,,,101,0.8028557662721961
GR1,51.621244,-115.608378,1.0,,,,,,,,,101,0.3427376645836021
GR1,51.621244,-115.608378,1.0,,,,,,,,,101,0.5573829148286026
GR1,51.621244,-115.608378,1.0,,,,,,,,,101,0.10991066873284838
GR1,51.621244,-115.608378,1.0,,,,,,,,,101,0.6324444537014999
GR1,51.621244,-115.608378,1.0,,,,,,,,,101,0.43720682126616084
GR1,51.621244,-115.608378,1.0,,,,,,,,,101,0.26607573890868874
GR1,51.621244,-115.608378,1.0,,,,,,,,,101,0.144865147268878
GR1,51.621244,-115.608378,1.0,,,,,,,,,101,0.44288602208226
GR1,51.621244,-115.608378,1.0,,,,,,,,,101,0.9926155541785922
GR1,51.621244,-115.608378,1.0,,,,,,,,,101,0.7622005183464382
GR1,51.621244,-115.608378,1.0,,,,,,,,,101,0.943509331235934
GR1,51.621244,-115.608378,1.0,,,,,,,,,101,0.9880401497246223
GR1,51.621244,-115.608378,1.0,,,,,,,,,101,0.9100197293072729
GR1,51.621244,-115.608378,1.0,,,,,,,,,101,0.06151155255166241
GR1,51.621244,-115.608378,1.0,,,,,,,,,101,0.9641093819858036
GR1,51.621244,-115.608378,1.0,,,,,,,,,101,0.24645871566467603
GR1,51.621244,-115.608378,1.0,,,,,,,,,101,0.4723773162210446
GR1,51.621244,-115.608378,1.0,,,,,,,,,101,0.8363651522845189
GR1,51.621244,-115.608378,1.0,,,,,,,,,101,0.591821619899398
GR1,51.621244,-115.608378,1.0,,,,,,,,,101,0.2021921472658751
GR1,51.621244,-115.608378,1.0,,,,,,,,,101,0.32928518681530417
GR1,51.621244,-115.608378,1.0,,,,,,,,,101,0.6212320249461891
GR1,51.621244,-115.608378,1.0,,,,,,,,,101,0.11563742220440498
GR1,51.621244,-115.608378,1.0,,,,,,,,,101,0.5620631731343035
GR1,51.621244,-115.608378,1.0,,,,,,,,,101,0.4064183957458195
GR1,51.621244,-115.608378,1.0,,,,,,,,,101,0.3110667521095051
GR1,51.621244,-115.608378,1.0,,,,,,,,,101,0.21555465440362087
GR1,51.621244,-115.608378,1.0,,,,,,,,,101,0.21050395118274712
GR1,51.621244,-115.608378,1.0,,,,,,,,,101,0.6958704096503667
GR1,51.621244,-115.608378,1.0,,,,,,,,,101,0.1407983673727019
GR1,51.621244,-115.608378,1.0,,,,,,,,,101,0.24614858101456716
GR1,51.621244,-115.608378,1.0,,,,,,,,,101,0.9109501507035414
GR1,51.621244,-115.608378,1.0,,,,,,,,,101,0.02309868017624428
GR1,51.621244,-115.608378,1.0,,,,,,,,,101,0.7017848505162516
GR1,51.621244,-115.608378,1.0,,,,,,,,,101,0.5969505629297546
GR1,51.621244,-115.608378,1.0,,,,,,,,,101,0.22747953365921114
GR1,51.621244,-115.608378,1.0,,,,,,,,,101,0.09486650018950504
GR1,51.621244,-115.608378,1.0,,,,,,,,,101,0.0611244827684414
GR1,51.621244,-115.608378,1.0,,,,,,,,,101,0.7923296243890504
GR1,51.621244,-115.608378,1.0,,,,,,,,,101,0.9130743938072797
GR1,51.621244,-115.608378,1.0,,,,,,,,,101,0.30448306831231275
GR1,51.621244,-115.608378,1.0,,,,,,,,,101,0.9857699689490672
GR1,51.621244,-115.608378,1.0,,,,,,,,,101,0.056774614290285186
GR1,51.621244,-115.608378,1.0,,,,,,,,,101,0.08080175401298706
GR1,51.621244,-115.608378,1.0,,,,,,,,,101,0.049729539055004324
GR1,51.621244,-115.608378,1.0,,,,,,,,,101,0.5779403896584895
GR1,51.621244,-115.608378,1.0,,,,,,,,,101,0.7145200134754134
GR1,51.621244,-115.608378,1.0,,,,,,,,,101,0.8354125541695551
GR1,51.621244,-115.608378,1.0,,,,,,,,,101,0.750308725076818
GR1,51.621244,-115.608378,1.0,,,,,,,,,101,0.5975766533843755
GR1,51.621244,-115.608378,1.0,,,,,,,,,101,0.5775709607372023
GR1,51.621244,-115.608378,1.0,,,,,,,,,101,0.16603818089252087
GR1,51.621244,-115.608378,1.0,,,,,,,,,101,0.7083862476403828
GR1,51.621244,-115.608378,1.0,,,,,,,,,101,0.09984644383136332
GR1,51.621244,-115.608378,1.0,,,,,,,,,101,0.1669757972436735
GR1,51.621244,-115.608378,1.0,,,,,,,,,101,0.7017992402506688
GR1,51.621244,-115.608378,1.0,,,,,,,,,101,0.2595924545388252
GR1,51.621244,-115.608378,1.0,,,,,,,,,101,0.18301694165151183
GR1,51.621244,-115.608378,1.0,,,,,,,,,101,0.45306154664469334
GR1,51.621244,-115.608378,1.0,,,,,,,,,101,0.46024478168546523
GR1,51.621244,-115.608378,1.0,,,,,,,,,101,0.5502006531642765
GR1,51.621244,-115.608378,1.0,,,,,,,,,101,0.5955758666770797
GR1,51.621244,-115.608378,1.0,,,,,,,,,101,0.5564517799077981
GR1,51.621244,-115.608378,1.0,,,,,,,,,101,0.9913909437829133
GR1,51.621244,-115.608378,1.0,,,,,,,,,101,0.7371805091487044
GR1,51.621244,-115.608378,1.0,,,,,,,,,101,0.03148137153064501
GR1,51.621244,-115.608378,1.0,,,,,,,,,101,0.5651548145093068
GR1,51.621244,-115.608378,1.0,,,,,,,,,101,0.8978729986722525
GR1,51.621244,-115.608378,1.0,,,,,,,,,101,0.18385531761491336
GR1,51.621244,-115.608378,1.0,,,,,,,,,101,0.13889431010343412
GR1,51.621244,-115.608378,1.0,,,,,,,,,101,0.46278249959729445
GR1,51.621244,-115.608378,1.0,,,,,,,,,101,0.06689902978485152
GR1,51.621244,-115.608378,1.0,,,,,,,,,101,0.12182059086253161
GR1,51.621244,-115.608378,1.0,,,,,,,,,101,0.18025410714779488
GR1,51.621244,-115.608378,1.0,,,,,,,,,101,0.5236946258860811
GR1,51.621244,-115.608378,1.0,,,,,,,,,101,0.14477010416385905
GR1,51.621244,-115.608378,1.0,,,,,,,,,101,0.38312992913330657
GR1,51.621244,-115.608378,1.0,,,,,,,,,101,0.7806075587620495
GR1,51.621244,-115.608378,1.0,,,,,,,,,101,0.21233704547922228
GR1,51.621244,-115.608378,1.0,,,,,,,,,101,0.8158260712331977
GR1,51.621244,-115.608378,1.0,,,,,,,,,101,0.8425209604621703
GR1,51.621244,-115.608378,1.0,,,,,,,,,101,0.6235507555473733
GR1,51.621244,-115.608378,1.0,,,,,,,,,101,0.4169901217146944
GR1,51.621244,-115.608378,1.0,,,,,,,,,101,0.398059050452535
GR1,51.621244,-115.608378,1.0,,,,,,,,,101,0.4693946802432273
GR1,51.621244,-115.608378,1.0,,,,,,,,,101,0.5543042233049964
GR1,51.621244,-115.608378,1.0,,,,,,,,,101,0.7045572098778587
GR1,51.621244,-115.608378,1.0,,,,,,,,,101,0.4316723230094006
GR1,51.621244,-115.608378,1.0,,,,,,,,,101,0.07318798461268838
GR1,51.621244,-115.608378,1.0,,,,,,,,,101,0.6123083893072923
GR1,51.621244,-115.608378,1.0,,,,,,,,,101,0.41669099965013945
GR1,51.621244,-115.608378,1.0,,,,,,,,,101,0.3083383846601171
GR1,51.621244,-115.608378,1.0,,,,,,,,,101,0.704156139590995
GR1,51.621244,-115.608378,1.0,,,,,,,,,101,0.16441881927694568
GR1,51.621244,-115.608378,1.0,,,,,,,,,101,0.8327746553596557
GR1,51.621244,-115.608378,1.0,,,,,,,,,101,0.3168714227240683
GR1,51.621244,-115.608378,1.0,,,,,,,,,101,0.9101987796708874
GR1,51.621244,-115.608378,1.0,,,,,,,,,101,0.8396147387653983
GR1,51.621244,-115.608378,1.0,,,,,,,,,101,0.7691292131901425
GR1,51.621244,-115.608378,1.0,,,,,,,,,101,0.9443364280358899
GR1,51.621244,-115.608378,1.0,,,,,,,,,101,0.4665638615553168
GR1,51.621244,-115.608378,1.0,,,,,,,,,101,0.4193351344542229
GR1,51.621244,-115.608378,1.0,,,,,,,,,101,0.9204303398637484
GR1,51.621244,-115.608378,1.0,,,,,,,,,101,0.6310827415256995
GR1,51.621244,-115.608378,1.0,,,,,,,,,101,0.22007645529010944
GR1,51.621244,-115.608378,1.0,,,,,,,,,101,0.09653341568100826
GR1,51.621244,-115.608378,1.0,,,,,,,,,101,0.5230753228769086
GR1,51.621244,-115.608378,1.0,,,,,,,,,101,0.18153012547367564
GR1,51.621244,-115.608378,1.0,,,,,,,,,101,0.04870687086500769
GR1,51.621244,-115.608378,1.0,,,,,,,,,101,0.06010320407190384
GR1,51.621244,-115.608378,1.0,,,,,,,,,101,0.3821191006188308
GR1,51.621244,-115.608378,1.0,,,,,,,,,101,0.47721523344411154
GR1,51.621244,-115.608378,1.0,,,,,,,,,101,0.46559761214067574
GR1,51.621244,-115.608378,1.0,,,,,,,,,101,0.48860767626862767
GR1,51.621244,-115.608378,1.0,,,,,,,,,101,0.12124085359697123
GR1,51.621244,-115.608378,1.0,,,,,,,,,101,0.3524740435202687
GR1,51.621244,-115.608378,1.0,,,,,,,,,101,0.424585650986413
GR1,51.621244,-115.608378,1.0,,,,,,,,,101,0.36610312516663746
GR1,51.621244,-115.608378,1.0,,,,,,,,,101,0.10150549586165114
GR1,51.621244,-115.608378,1.0,,,,,,,,,101,0.18460497076172588
GR1,51.621244,-115.608378,1.0,,,,,,,,,101,0.2296501626780143
GR1,51.621244,-115.608378,1.0,,,,,,,,,101,0.44472177131931157
GR1,51.621244,-115.608378,1.0,,,,,,,,,101,0.11765670484594726
GR1,51.621244,-115.608378,1.0,,,,,,,,,101,0.1997324555488572
GR1,51.621244,-115.608378,1.0,,,,,,,,,101,0.014677520065211724
GR1,51.621244,-115.608378,1.0,,,,,,,,,101,0.008431251661577654
GR1,51.621244,-115.608378,1.0,,,,,,,,,101,0.5620607710717779
GR1,51.621244,-115.608378,1.0,,,,,,,,,101,0.6408400693930427
GR1,51.621244,-115.608378,1.0,,,,,,,,,101,0.787950354650767
GR1,51.621244,-115.608378,1.0,,,,,,,,,101,0.045211368493392357
GR1,51.621244,-115.608378,1.0,,,,,,,,,101,0.2424830752948871
GR1,51.621244,-115.608378,1.0,,,,,,,,,101,0.15966170434702243
GR1,51.621244,-115.608378,1.0,,,,,,,,,101,0.2072877547532519
GR1,51.621244,-115.608378,1.0,,,,,,,,,101,0.502370878166763
GR1,51.621244,-115.608378,1.0,,,,,,,,,101,0.4308124461270376
GR1,51.621244,-115.608378,1.0,,,,,,,,,101,0.03262874168544272
GR1,51.621244,-115.608378,1.0,,,,,,,,,101,0.5571658014144811
GR1,51.621244,-115.608378,1.0,,,,,,,,,101,0.17618653793965078
GR1,51.621244,-115.608378,1.0,,,,,,,,,101,0.6737309483417746
GR1,51.621244,-115.608378,1.0,,,,,,,,,101,0.7589092519829244
GR1,51.621244,-115.608378,1.0,,,,,,,,,101,0.5428318007309847
GR1,51.621244,-115.608378,1.0,,,,,,,,,101,0.4861795830684771
GR1,51.621244,-115.608378,1.0,,,,,,,,,101,0.7674998841237035
GR1,51.621244,-115.608378,1.0,,,,,,,,,101,0.3169014924450533
GR1,51.621244,-115.608378,1.0,,,,,,,,,101,0.7510797892586674
GR1,51.621244,-115.608378,1.0,,,,,,,,,101,0.8934755981589979
GR1,51.621244,-115.608378,1.0,,,,,,,,,101,0.6169183842972982
GR1,51.621244,-115.608378,1.0,,,,,,,,,101,0.32931394179670914
GR1,51.621244,-115.608378,1.0,,,,,,,,,101,0.40001550709341627
GR1,51.621244,-115.608378,1.0,,,,,,,,,101,0.9341139424453142
GR1,51.621244,-115.608378,1.0,,,,,,,,,101,0.6340592884933638
GR1,51.621244,-115.608378,1.0,,,,,,,,,101,0.3939325651976656
GR1,51.621244,-115.608378,1.0,,,,,,,,,101,0.5317476418043159
GR1,51.621244,-115.608378,1.0,,,,,,,,,101,0.039941597346499824
GR1,51.621244,-115.608378,1.0,,,,,,,,,101,0.2732384959604046
GR1,51.621244,-115.608378,1.0,,,,,,,,,101,0.20344351339631317
GR1,51.621244,-115.608378,1.0,,,,,,,,,101,0.8392251209188244
GR1,51.621244,-115.608378,1.0,,,,,,,,,101,0.7498395446959768
GR1,51.621244,-115.608378,1.0,,,,,,,,,101,0.6340262821585696
GR1,51.621244,-115.608378,1.0,,,,,,,,,101,0.13398013663090025
GR1,51.621244,-115.608378,1.0,,,,,,,,,101,0.9696690938358754
GR1,51.621244,-115.608378,1.0,,,,,,,,,101,0.7987438504158828
GR1,51.621244,-115.608378,1.0,,,,,,,,,101,0.09693641439593081
GR1,51.621244,-115.608378,1.0,,,,,,,,,101,0.5760096412401117
GR1,51.621244,-115.608378,1.0,,,,,,,,,101,0.48195532733159696
GR1,51.621244,-115.608378,1.0,,,,,,,,,101,0.007923107785796302
GR1,51.621244,-115.608378,1.0,,,,,,,,,101,0.23025310121901366
GR1,51.621244,-115.608378,1.0,,,,,,,,,101,0.47542897843800624
GR1,51.621244,-115.608378,1.0,,,,,,,,,101,0.5715122810197693
GR1,51.621244,-115.608378,1.0,,,,,,,,,101,0.1994553515561459
GR1,51.621244,-115.608378,1.0,,,,,,,,,101,0.3550172265386481
GR1,51.621244,-115.608378,1.0,,,,,,,,,101,0.7029189191085446
GR1,51.621244,-115.608378,1.0,,,,,,,,,101,0.058137740948115524
GR1,51.621244,-115.608378,1.0,,,,,,,,,101,0.9720314935987112
GR1,51.621244,-115.608378,1.0,,,,,,,,,101,0.3507473869110106
GR1,51.621244,-115.608378,1.0,,,,,,,,,101,0.3995230112160634
GR1,51.621244,-115.608378,1.0,,,,,,,,,101,0.6320774990188784
GR1,51.621244,-115.608378,1.0,,,,,,,,,101,0.46146598968037256
GR1,51.621244,-115.608378,1.0,,,,,,,,,101,0.5998145290892849
GR1,51.621244,-115.608378,1.0,,,,,,,,,101,0.7581066264216719
GR1,51.621244,-115.608378,1.0,,,,,,,,,101,0.03047588672699475
GR1,51.621244,-115.608378,1.0,,,,,,,,,101,0.3844333731339554
GR1,51.621244,-115.608378,1.0,,,,,,,,,101,0.3070979011066177
GR1,51.621244,-115.608378,1.0,,,,,,,,,101,0.8745534341132045
GR1,51.621244,-115.608378,1.0,,,,,,,,,101,0.22117563825517206
GR1,51.621244,-115.608378,1.0,,,,,,,,,101,0.8768841681880138
GR1,51.621244,-115.608378,1.0,,,,,,,,,101,0.4513794986834554
GR1,51.621244,-115.608378,1.0,,,,,,,,,101,0.10316175503288338
GR1,51.621244,-115.608378,1.0,,,,,,,,,101,0.5378625191869683
GR1,51.621244,-115.608378,1.0,,,,,,,,,101,0.6562586025381381
GR1,51.621244,-115.608378,1.0,,,,,,,,,101,0.2581295099948431
GR1,51.621244,-115.608378,1.0,,,,,,,,,101,0.9874197036350131
GR1,51.621244,-115.608378,1.0,,,,,,,,,101,0.8586916708414739
GR1,51.621244,-115.608378,1.0,,,,,,,,,101,0.23963975347164923
GR1,51.621244,-115.608378,1.0,,,,,,,,,101,0.6724975853156718
GR1,51.621244,-115.608378,1.0,,,,,,,,,101,0.9758607133180236
GR1,51.621244,-115.608378,1.0,,,,,,,,,101,0.4733296527216837
GR1,51.621244,-115.608378,1.0,,,,,,,,,101,0.13675353709598748
GR1,51.621244,-115.608378,1.0,,,,,,,,,101,0.1496306558267766
GR1,51.621244,-115.608378,1.0,,,,,,,,,101,0.26149049631493404
GR1,51.621244,-115.608378,1.0,,,,,,,,,101,0.4547462726043101
GR1,51.621244,-115.608378,1.0,,,,,,,,,101,0.06836689301459942
GR1,51.621244,-115.608378,1.0,,,,,,,,,101,0.2797584111162307
GR1,51.621244,-115.608378,1.0,,,,,,,,,101,0.7725032781579336
GR1,51.621244,-115.608378,1.0,,,,,,,,,101,0.7961057465330748
GR1,51.621244,-115.608378,1.0,,,,,,,,,101,0.8126593627933244
GR1,51.621244,-115.608378,1.0,,,,,,,,,101,0.4547214894408539
GR1,51.621244,-115.608378,1.0,,,,,,,,,101,0.9595700962690981
GR1,51.621244,-115.608378,1.0,,,,,,,,,101,0.55019349581727
GR1,51.621244,-115.608378,1.0,,,,,,,,,101,0.9790615933953485
GR1,51.621244,-115.608378,1.0,,,,,,,,,101,0.8062582690738764
GR1,51.621244,-115.608378,1.0,,,,,,,,,101,0.6357707294881789
GR1,51.621244,-115.608378,1.0,,,,,,,,,101,0.5445305189108836
GR1,51.621244,-115.608378,1.0,,,,,,,,,101,0.3028001565245564
GR1,51.621244,-115.608378,1.0,,,,,,,,,101,0.09745731595844442
GR1,51.621244,-115.608378,1.0,,,,,,,,,101,0.40021101806733106
GR1,51.621244,-115.608378,1.0,,,,,,,,,101,0.5933086761171668
GR1,51.621244,-115.608378,1.0,,,,,,,,,101,0.09599009810888359
GR1,51.621244,-115.608378,1.0,,,,,,,,,101,0.7784265967454702
GR1,51.621244,-115.608378,1.0,,,,,,,,,101,0.2951860772637086
GR1,51.621244,-115.608378,1.0,,,,,,,,,101,0.9489909117844688
GR1,51.621244,-115.608378,1.0,,,,,,,,,101,0.9709427996342922
GR1,51.621244,-115.608378,1.0,,,,,,,,,101,0.7356098412849719
GR1,51.621244,-115.608378,1.0,,,,,,,,,101,0.3110514313285605
GR1,51.621244,-115.608378,1.0,,,,,,,,,101,0.6705500953914049
GR1,51.621244,-115.608378,1.0,,,,,,,,,101,0.2456001746062948
GR1,51.621244,-115.608378,1.0,,,,,,,,,101,0.04550251420573759
GR1,51.621244,-115.608378,1.0,,,,,,,,,101,0.047394618613309736
GR1,51.621244,-115.608378,1.0,,,,,,,,,101,0.737220777325026
GR1,51.621244,-115.608378,1.0,,,,,,,,,101,0.211026023375944
GR1,51.621244,-115.608378,1.0,,,,,,,,,101,0.07744297750927054
GR1,51.621244,-115.608378,1.0,,,,,,,,,101,0.8144547449519111
GR1,51.621244,-115.608378,1.0,,,,,,,,,101,0.9829952135523876
GR1,51.621244,-115.608378,1.0,,,,,,,,,101,0.5853010637231292
GR1,51.621244,-115.608378,1.0,,,,,,,,,101,0.5424200487336223
GR1,51.621244,-115.608378,1.0,,,,,,,,,101,0.023673351063918102
GR1,51.621244,-115.608378,1.0,,,,,,,,,101,0.7177666658570415
GR1,51.621244,-115.608378,1.0,,,,,,,,,101,0.22094672195337728
GR1,51.621244,-115.608378,1.0,,,,,,,,,101,0.933334898043049
GR1,51.621244,-115.608378,1.0,,,,,,,,,101,0.7039340761710609
GR1,51.621244,-115.608378,1.0,,,,,,,,,101,0.6469727273924893
GR1,51.621244,-115.608378,1.0,,,,,,,,,101,0.8000430124348951
GR1,51.621244,-115.608378,1.0,,,,,,,,,101,0.9671133348633353
GR1,51.621244,-115.608378,1.0,,,,,,,,,101,0.8860858455604192
GR1,51.621244,-115.608378,1.0,,,,,,,,,101,0.91081739611323
GR1,51.621244,-115.608378,1.0,,,,,,,,,101,0.3106521346229981
GR1,51.621244,-115.608378,1.0,,,,,,,,,101,0.9604774816060762
GR1,51.621244,-115.608378,1.0,,,,,,,,,101,0.043672417682123266
GR1,51.621244,-115.608378,1.0,,,,,,,,,101,0.32845569314458567
GR1,51.621244,-115.608378,1.0,,,,,,,,,101,0.21521792988334132
GR1,51.621244,-115.608378,1.0,,,,,,,,,101,0.8189072572855512
GR1,51.621244,-115.608378,1.0,,,,,,,,,101,0.8258080508798672
GR1,51.621244,-115.608378,1.0,,,,,,,,,101,0.8184411999538631
GR1,51.621244,-115.608378,1.0,,,,,,,,,101,0.3437636511264256
GR1,51.621244,-115.608378,1.0,,,,,,,,,101,0.6687407464548009
GR1,51.621244,-115.608378,1.0,,,,,,,,,101,0.32344181465094524
GR1,51.621244,-115.608378,1.0,,,,,,,,,101,0.0652991597499617
GR1,51.621244,-115.608378,1.0,,,,,,,,,101,0.8085873716177164
GR1,51.621244,-115.608378,1.0,,,,,,,,,101,0.3526845161153117
GR1,51.621244,-115.608378,1.0,,,,,,,,,101,0.9494098274983422
GR1,51.621244,-115.608378,1.0,,,,,,,,,101,0.8848799901564441
GR1,51.621244,-115.608378,1.0,,,,,,,,,101,0.26163774156055564
GR1,51.621244,-115.608378,1.0,,,,,,,,,101,0.20990798625130735
GR1,51.621244,-115.608378,1.0,,,,,,,,,101,0.02144176427423039
GR1,51.621244,-115.608378,1.0,,,,,,,,,101,0.45922539046277233
GR1,51.621244,-115.608378,1.0,,,,,,,,,101,0.3304084467980404
GR1,51.621244,-115.608378,1.0,,,,,,,,,101,0.6684062767278136
GR1,51.621244,-115.608378,1.0,,,,,,,,,101,0.3611734770986098
GR1,51.621244,-115.608378,1.0,,,,,,,,,101,0.8221029432316476
GR1,51.621244,-115.608378,1.0,,,,,,,,,101,0.23061175798647082
GR1,51.621244,-115.608378,1.0,,,,,,,,,101,0.6202286404885681
GR1,51.621244,-115.608378,1.0,,,,,,,,,101,0.6206020970443235
GR1,51.621244,-115.608378,1.0,,,,,,,,,101,0.5276604026640626
GR1,51.621244,-115.608378,1.0,,,,,,,,,101,0.2730749703544403
GR1,51.621244,-115.608378,1.0,,,,,,,,,101,0.3113824885855224
GR1,51.621244,-115.608378,1.0,,,,,,,,,101,0.8209957326566264
GR1,51.621244,-115.608378,1.0,,,,,,,,,101,0.25568645885284336
GR1,51.621244,-115.608378,1.0,,,,,,,,,101,0.2409438405051859
GR1,51.621244,-115.608378,1.0,,,,,,,,,101,0.3954548759030181
GR1,51.621244,-115.608378,1.0,,,,,,,,,101,0.9709744017231371
GR1,51.621244,-115.608378,1.0,,,,,,,,,101,0.19017639586534862
GR1,51.621244,-115.608378,1.0,,,,,,,,,101,0.7624132863092797
GR1,51.621244,-115.608378,1.0,,,,,,,,,101,0.9905283489983664
GR1,51.621244,-115.608378,1.0,,,,,,,,,101,0.8776608608084928
GR1,51.621244,-115.608378,1.0,,,,,,,,,101,0.1566367030578828
GR1,51.621244,-115.608378,1.0,,,,,,,,,101,0.9143983870779039
GR1,51.621244,-115.608378,1.0,,,,,,,,,101,0.34943207680820376
GR1,51.621244,-115.608378,1.0,,,,,,,,,101,0.12484683260097085
GR1,51.621244,-115.608378,1.0,,,,,,,,,101,0.0889281531918319
GR1,51.621244,-115.608378,1.0,,,,,,,,,101,0.7516737684776229
GR1,51.621244,-115.608378,1.0,,,,,,,,,101,0.22796138072646643
GR1,51.621244,-115.608378,1.0,,,,,,,,,101,0.5833596754464844
GR1,51.621244,-115.608378,1.0,,,,,,,,,101,0.039472885469229224
GR1,51.621244,-115.608378,1.0,,,,,,,,,101,0.008381722513438605
GR1,51.621244,-115.608378,1.0,,,,,,,,,101,0.6877246489932529
GR1,51.621244,-115.608378,1.0,,,,,,,,,101,0.9100357063543039
GR1,51.621244,-115.608378,1.0,,,,,,,,,101,0.5721345655126527
GR1,51.621244,-115.608378,1.0,,,,,,,,,101,0.14154682713688949
GR1,51.621244,-115.608378,1.0,,,,,,,,,101,0.5973810856385889
GR1,51.621244,-115.608378,1.0,,,,,,,,,101,0.7351958911316124
GR1,51.621244,-115.608378,1.0,,,,,,,,,101,0.8166233376125307
GR1,51.621244,-115.608378,1.0,,,,,,,,,101,0.6351197155763139
GR1,51.621244,-115.608378,1.0,,,,,,,,,101,0.8016446385296193
GR1,51.621244,-115.608378,1.0,,,,,,,,,101,0.5665032346384284
GR1,51.621244,-115.608378,1.0,,,,,,,,,101,0.8584544196448396
GR1,51.621244,-115.608378,1.0,,,,,,,,,101,0.19742335428233604
GR1,51.621244,-115.608378,1.0,,,,,,,,,101,0.7343128780470644
GR1,51.621244,-115.608378,1.0,,,,,,,,,101,0.1578723760119647
GR1,51.621244,-115.608378,1.0,,,,,,,,,101,0.3244133264653295
GR1,51.621244,-115.608378,1.0,,,,,,,,,101,0.3287008018700991
GR1,51.621244,-115.608378,1.0,,,,,,,,,101,0.3248868012918893
GR1,51.621244,-115.608378,1.0,,,,,,,,,101,0.004410689681459523
GR1,51.621244,-115.608378,1.0,,,,,,,,,101,0.4823093674580994
GR1,51.621244,-115.608378,1.0,,,,,,,,,101,0.4342728628449529
GR1,51.621244,-115.608378,1.0,,,,,,,,,101,0.37511596760327326
GR1,51.621244,-115.608378,1.0,,,,,,,,,101,0.15670606208445137
GR1,51.621244,-115.608378,1.0,,,,,,,,,101,0.967980243467916
GR1,51.621244,-115.608378,1.0,,,,,,,,,101,0.9132289966806244
GR1,51.621244,-115.608378,1.0,,,,,,,,,101,0.5143889218691163
GR1,51.621244,-115.608378,1.0,,,,,,,,,101,0.0420039111161834
GR1,51.621244,-115.608378,1.0,,,,,,,,,101,0.7204727183503253
GR1,51.621244,-115.608378,1.0,,,,,,,,,101,0.3107237582261111
GR1,51.621244,-115.608378,1.0,,,,,,,,,101,0.7548577959771462
GR1,51.621244,-115.608378,1.0,,,,,,,,,101,0.7213008018349025
GR1,51.621244,-115.608378,1.0,,,,,,,,,101,0.9634088908801426
GR1,51.621244,-115.608378,1.0,,,,,,,,,101,0.5771870716567574
GR1,51.621244,-115.608378,1.0,,,,,,,,,101,0.08451628553570367
GR1,51.621244,-115.608378,1.0,,,,,,,,,101,0.38222111971753847
GR1,51.621244,-115.608378,1.0,,,,,,,,,101,0.28988171976933264
GR1,51.621244,-115.608378,1.0,,,,,,,,,101,0.43563534088730294
GR1,51.621244,-115.608378,1.0,,,,,,,,,101,0.7942098952988634
GR1,51.621244,-115.608378,1.0,,,,,,,,,101,0.529228909386313
GR1,51.621244,-115.608378,1.0,,,,,,,,,101,0.4207687995884607
GR1,51.621244,-115.608378,1.0,,,,,,,,,101,0.2722133151902121
GR1,51.621244,-115.608378,1.0,,,,,,,,,101,0.8008761619867052
GR1,51.621244,-115.608378,1.0,,,,,,,,,101,0.8417587627436858
GR1,51.621244,-115.608378,1.0,,,,,,,,,101,0.2813368315278576
GR1,51.621244,-115.608378,1.0,,,,,,,,,101,0.15309625052156162
GR1,51.621244,-115.608378,1.0,,,,,,,,,101,0.23146876942396666
GR1,51.621244,-115.608378,1.0,,,,,,,,,101,0.885844262066316
GR1,51.621244,-115.608378,1.0,,,,,,,,,101,0.30768688954606216
GR1,51.621244,-115.608378,1.0,,,,,,,,,101,0.5119535576753461
GR1,51.621244,-115.608378,1.0,,,,,,,,,101,0.690644687712785
GR1,51.621244,-115.608378,1.0,,,,,,,,,101,0.2708554456545006
GR1,51.621244,-115.608378,1.0,,,,,,,,,101,0.06153702989651599
GR1,51.621244,-115.608378,1.0,,,,,,,,,101,0.3264582319690674
GR1,51.621244,-115.608378,1.0,,,,,,,,,101,0.16402538460910798
GR1,51.621244,-115.608378,1.0,,,,,,,,,101,0.7914701952134877
GR1,51.621244,-115.608378,1.0,,,,,,,,,101,0.6768685149139498
GR1,51.621244,-115.608378,1.0,,,,,,,,,101,0.748137192398973
GR1,51.621244,-115.608378,1.0,,,,,,,,,101,0.24478216873346048
GR1,51.621244,-115.608378,1.0,,,,,,,,,101,0.246477496328673
GR1,51.621244,-115.608378,1.0,,,,,,,,,101,0.7072763155796697
GR1,51.621244,-115.608378,1.0,,,,,,,,,101,0.31659241020229056
GR1,51.621244,-115.608378,1.0,,,,,,,,,101,0.9687972586856783
GR1,51.621244,-115.608378,1.0,,,,,,,,,101,0.31660621830177793
GR1,51.621244,-115.608378,1.0,,,,,,,,,101,0.7692832941697015
GR1,51.621244,-115.608378,1.0,,,,,,,,,101,0.806387587609802
GR1,51.621244,-115.608378,1.0,,,,,,,,,101,0.9377688557689886
GR1,51.621244,-115.608378,1.0,,,,,,,,,101,0.05784005399865255
GR1,51.621244,-115.608378,1.0,,,,,,,,,101,0.49211312562860454
GR1,51.621244,-115.608378,1.0,,,,,,,,,101,0.8862434770133606
GR1,51.621244,-115.608378,1.0,,,,,,,,,101,0.9854290681287277
GR1,51.621244,-115.608378,1.0,,,,,,,,,101,0.2798288710526442
GR1,51.621244,-115.608378,1.0,,,,,,,,,101,0.667850866966805
GR1,51.621244,-115.608378,1.0,,,,,,,,,101,0.5075875291453724
GR1,51.621244,-115.608378,1.0,,,,,,,,,101,0.8495380152657852
GR1,51.621244,-115.608378,1.0,,,,,,,,,101,0.6643090569484539
GR1,51.621244,-115.608378,1.0,,,,,,,,,101,0.39597948113449233
GR1,51.621244,-115.608378,1.0,,,,,,,,,101,0.5479004224059599
GR1,51.621244,-115.608378,1.0,,,,,,,,,101,0.42885091119163865
GR1,51.621244,-115.608378,1.0,,,,,,,,,101,0.595667286878166
GR1,51.621244,-115.608378,1.0,,,,,,,,,101,0.883709300672275
GR1,51.621244,-115.608378,1.0,,,,,,,,,101,0.1359820345048488
GR1,51.621244,-115.608378,1.0,,,,,,,,,101,0.053439386907727426
GR1,51.621244,-115.608378,1.0,,,,,,,,,101,0.10468097777609231
GR1,51.621244,-115.608378,1.0,,,,,,,,,101,0.19771419435129556
GR1,51.621244,-115.608378,1.0,,,,,,,,,101,0.7891192017690484
GR1,51.621244,-115.608378,1.0,,,,,,,,,101,0.41407484775002756
GR1,51.621244,-115.608378,1.0,,,,,,,,,101,0.8666734285195151
GR1,51.621244,-115.608378,1.0,,,,,,,,,101,0.062159050795711046
GR1,51.621244,-115.608378,1.0,,,,,,,,,101,0.5830723091471508
GR1,51.621244,-115.608378,1.0,,,,,,,,,101,0.35111414639207306
GR1,51.621244,-115.608378,1.0,,,,,,,,,101,0.6180946168852809
GR1,51.621244,-115.608378,1.0,,,,,,,,,101,0.6877949465185685
GR1,51.621244,-115.608378,1.0,,,,,,,,,101,0.08746131196534779
GR1,51.621244,-115.608378,1.0,,,,,,,,,101,0.07056192011407192
GR1,51.621244,-115.608378,1.0,,,,,,,,,101,0.41187083751731124
GR1,51.621244,-115.608378,1.0,,,,,,,,,101,0.9352269452470949
GR1,51.621244,-115.608378,1.0,,,,,,,,,101,0.009971667088823577
GR1,51.621244,-115.608378,1.0,,,,,,,,,101,0.5882612379128471
GR1,51.621244,-115.608378,1.0,,,,,,,,,101,0.2119403210765013
GR1,51.621244,-115.608378,1.0,,,,,,,,,101,0.16043921223975788
GR1,51.621244,-115.608378,1.0,,,,,,,,,101,0.1958313589178876
GR1,51.621244,-115.608378,1.0,,,,,,,,,101,0.10387807286221384
GR1,51.621244,-115.608378,1.0,,,,,,,,,101,0.6664667926783185
GR1,51.621244,-115.608378,1.0,,,,,,,,,101,0.7202748339291416
GR1,51.621244,-115.608378,1.0,,,,,,,,,101,0.843810208697035
GR1,51.621244,-115.608378,1.0,,,,,,,,,101,0.5046381378420008
GR1,51.621244,-115.608378,1.0,,,,,,,,,101,0.14730964932012125
GR1,51.621244,-115.608378,1.0,,,,,,,,,101,0.1832569510170744
GR1,51.621244,-115.608378,1.0,,,,,,,,,101,0.6323973870192925
GR1,51.621244,-115.608378,1.0,,,,,,,,,101,0.7292982533432286
GR1,51.621244,-115.608378,1.0,,,,,,,,,101,0.14558315215223228
GR1,51.621244,-115.608378,1.0,,,,,,,,,101,0.3415062615718667
GR1,51.621244,-115.608378,1.0,,,,,,,,,101,0.09667999127770344
GR1,51.621244,-115.608378,1.0,,,,,,,,,101,0.10911665137014825
GR1,51.621244,-115.608378,1.0,,,,,,,,,101,0.35685511408866866
GR1,51.621244,-115.608378,1.0,,,,,,,,,101,0.1800346694065299
GR1,51.621244,-115.608378,1.0,,,,,,,,,101,0.9656308136934791
GR1,51.621244,-115.608378,1.0,,,,,,,,,101,0.8560980833725113
GR1,51.621244,-115.608378,1.0,,,,,,,,,101,0.27140809645482
GR1,51.621244,-115.608378,1.0,,,,,,,,,101,0.07603980986609793
GR1,51.621244,-115.608378,1.0,,,,,,,,,101,0.23538774964546594
GR1,51.621244,-115.608378,1.0,,,,,,,,,101,0.02893985194904869
GR1,51.621244,-115.608378,1.0,,,,,,,,,101,0.4986515074980492
GR1,51.621244,-115.608378,1.0,,,,,,,,,101,0.4047109913066237
GR1,51.621244,-115.608378,1.0,,,,,,,,,101,0.5674910838880953
GR1,51.621244,-115.608378,1.0,,,,,,,,,101,0.23412166221172992
GR1,51.621244,-115.608378,1.0,,,,,,,,,101,0.30406416598658503
GR1,51.621244,-115.608378,1.0,,,,,,,,,101,0.11416222761196482
GR1,51.621244,-115.608378,1.0,,,,,,,,,101,0.2441185328050801
GR1,51.621244,-115.608378,1.0,,,,,,,,,101,0.3106182176411838
GR1,51.621244,-115.608378,1.0,,,,,,,,,101,0.4079436063176899
GR1,51.621244,-115.608378,1.0,,,,,,,,,101,0.764278373717621
GR1,51.621244,-115.608378,1.0,,,,,,,,,101,0.09822938570384365
GR1,51.621244,-115.608378,1.0,,,,,,,,,101,0.5673823056465734
GR1,51.621244,-115.608378,1.0,,,,,,,,,101,0.19075291533723648
GR1,51.621244,-115.608378,1.0,,,,,,,,,101,0.3322950999331269
GR1,51.621244,-115.608378,1.0,,,,,,,,,101,0.301525728896644
GR1,51.621244,-115.608378,1.0,,,,,,,,,101,0.7560032574426305
GR1,51.621244,-115.608378,1.0,,,,,,,,,101,0.7195095699324772
GR1,51.621244,-115.608378,1.0,,,,,,,,,101,0.9863309067478733
GR1,51.621244,-115.608378,1.0,,,,,,,,,101,0.026541968532173943
GR1,51.621244,-115.608378,1.0,,,,,,,,,101,0.13867057065278365
GR1,51.621244,-115.608378,1.0,,,,,,,,,101,0.5349108806173085
GR1,51.621244,-115.608378,1.0,,,,,,,,,101,0.6848682756982815
GR1,51.621244,-115.608378,1.0,,,,,,,,,101,0.4701748227615541
GR1,51.621244,-115.608378,1.0,,,,,,,,,101,0.3834277212670485
GR1,51.621244,-115.608378,1.0,,,,,,,,,101,0.44469666386818174
GR1,51.621244,-115.608378,1.0,,,,,,,,,101,0.6506401133439942
GR1,51.621244,-115.608378,1.0,,,,,,,,,101,0.8172820633810132
GR1,51.621244,-115.608378,1.0,,,,,,,,,101,0.6916014406868948
GR1,51.621244,-115.608378,1.0,,,,,,,,,101,0.14901683493872442
GR1,51.621244,-115.608378,1.0,,,,,,,,,101,0.8833103756780719
GR1,51.621244,-115.608378,1.0,,,,,,,,,101,0.15046246435695776
GR1,51.621244,-115.608378,1.0,,,,,,,,,101,0.601268778200764
GR1,51.621244,-115.608378,1.0,,,,,,,,,101,0.5182514988293249
GR1,51.621244,-115.608378,1.0,,,,,,,,,101,0.28820686519546235
GR1,51.621244,-115.608378,1.0,,,,,,,,,101,0.4059308758283616
GR1,51.621244,-115.608378,1.0,,,,,,,,,101,0.7132620524808362
GR1,51.621244,-115.608378,1.0,,,,,,,,,101,0.6265778857208644
GR1,51.621244,-115.608378,1.0,,,,,,,,,101,0.639995463403776
GR1,51.621244,-115.608378,1.0,,,,,,,,,101,0.855011355729881
GR1,51.621244,-115.608378,1.0,,,,,,,,,101,0.30740286897882385
GR1,51.621244,-115.608378,1.0,,,,,,,,,101,0.4362521254133489
GR1,51.621244,-115.608378,1.0,,,,,,,,,101,0.5730280497125171
GR1,51.621244,-115.608378,1.0,,,,,,,,,101,0.47552506085167956
GR1,51.621244,-115.608378,1.0,,,,,,,,,101,0.9167665481076236
GR1,51.621244,-115.608378,1.0,,,,,,,,,101,0.3043269287163066
GR1,51.621244,-115.608378,1.0,,,,,,,,,101,0.6172910284799545
GR1,51.621244,-115.608378,1.0,,,,,,,,,101,0.9225601456354513
GR1,51.621244,-115.608378,1.0,,,,,,,,,101,0.5887802810165731
GR1,51.621244,-115.608378,1.0,,,,,,,,,101,0.17014099037803232
GR1,51.621244,-115.608378,1.0,,,,,,,,,101,0.870848800614998
GR1,51.621244,-115.608378,1.0,,,,,,,,,101,0.13389302341267528
GR1,51.621244,-115.608378,1.0,,,,,,,,,101,0.8764600584069634
GR1,51.621244,-115.608378,1.0,,,,,,,,,101,0.9786458128879206
GR1,51.621244,-115.608378,1.0,,,,,,,,,101,0.47531938708867094
GR1,51.621244,-115.608378,1.0,,,,,,,,,101,0.7677492211870669
GR1,51.621244,-115.608378,1.0,,,,,,,,,101,0.4601408608777331
GR1,51.621244,-115.608378,1.0,,,,,,,,,101,0.9497068054960057
GR1,51.621244,-115.608378,1.0,,,,,,,,,101,0.24285317561248865
GR1,51.621244,-115.608378,1.0,,,,,,,,,101,0.5734232278686028
GR1,51.621244,-115.608378,1.0,,,,,,,,,101,0.7853449637020077
GR1,51.621244,-115.608378,1.0,,,,,,,,,101,0.9237249682183298
GR1,51.621244,-115.608378,1.0,,,,,,,,,101,0.8919922200214149
GR1,51.621244,-115.608378,1.0,,,,,,,,,101,0.9312542404530071
GR1,51.621244,-115.608378,1.0,,,,,,,,,101,0.6175598974144102
GR1,51.621244,-115.608378,1.0,,,,,,,,,101,0.5310943596027814
GR1,51.621244,-115.608378,1.0,,,,,,,,,101,0.6463081641899572
GR1,51.621244,-115.608378,1.0,,,,,,,,,101,0.013893034541744176
GR1,51.621244,-115.608378,1.0,,,,,,,,,101,0.7469533448809438
GR1,51.621244,-115.608378,1.0,,,,,,,,,101,0.4093864997222382
GR1,51.621244,-115.608378,1.0,,,,,,,,,101,0.1106009970537759
GR1,51.621244,-115.608378,1.0,,,,,,,,,101,0.8606464134224379
GR1,51.621244,-115.608378,1.0,,,,,,,,,101,0.4871883372522834
GR1,51.621244,-115.608378,1.0,,,,,,,,,101,0.0803256330359623
GR1,51.621244,-115.608378,1.0,,,,,,,,,101,0.9921094398866519
GR1,51.621244,-115.608378,1.0,,,,,,,,,101,0.4932266890654804
GR1,51.621244,-115.608378,1.0,,,,,,,,,101,0.08516343531868953
GR1,51.621244,-115.608378,1.0,,,,,,,,,101,0.6127097082832907
GR1,51.621244,-115.608378,1.0,,,,,,,,,101,0.8798143945020911
GR1,51.621244,-115.608378,1.0,,,,,,,,,101,0.5217011535442684
GR1,51.621244,-115.608378,1.0,,,,,,,,,101,0.06263502620622763
GR1,51.621244,-115.608378,1.0,,,,,,,,,101,0.7421395831629164
GR1,51.621244,-115.608378,1.0,,,,,,,,,101,0.9410099215821565
GR1,51.621244,-115.608378,1.0,,,,,,,,,101,0.7770591713514406
GR1,51.621244,-115.608378,1.0,,,,,,,,,101,0.5911496816562415
GR1,51.621244,-115.608378,1.0,,,,,,,,,101,0.251540489738589
GR1,51.621244,-115.608378,1.0,,,,,,,,,101,0.5405554456740347
GR1,51.621244,-115.608378,1.0,,,,,,,,,101,0.11385578733010937
GR1,51.621244,-115.608378,1.0,,,,,,,,,101,0.6210703511444972
GR1,51.621244,-115.608378,1.0,,,,,,,,,101,0.5576559157235143
GR1,51.621244,-115.608378,1.0,,,,,,,,,101,0.5728135374753177
GR1,51.621244,-115.608378,1.0,,,,,,,,,101,0.7744738318712111
GR1,51.621244,-115.608378,1.0,,,,,,,,,101,0.1306903091294438
GR1,51.621244,-115.608378,1.0,,,,,,,,,101,0.330049271593301
GR1,51.621244,-115.608378,1.0,,,,,,,,,101,0.6824890875756444
GR1,51.621244,-115.608378,1.0,,,,,,,,,101,0.343205252669709
GR1,51.621244,-115.608378,1.0,,,,,,,,,101,0.2557724179344537
GR1,51.621244,-115.608378,1.0,,,,,,,,,101,0.8930120157466014
GR1,51.621244,-115.608378,1.0,,,,,,,,,101,0.07965701616072274
GR1,51.621244,-115.608378,1.0,,,,,,,,,101,0.7354702497352819
GR1,51.621244,-115.608378,1.0,,,,,,,,,101,0.09381469220979943
GR1,51.621244,-115.608378,1.0,,,,,,,,,101,0.49264917433939204
GR1,51.621244,-115.608378,1.0,,,,,,,,,101,0.2806445402818969
GR1,51.621244,-115.608378,1.0,,,,,,,,,101,0.9921746646900718
GR1,51.621244,-115.608378,1.0,,,,,,,,,101,0.3654011266682198
GR1,51.621244,-115.608378,1.0,,,,,,,,,101,0.9191064417340559
GR1,51.621244,-115.608378,1.0,,,,,,,,,101,0.7635459652559095
GR1,51.621244,-115.608378,1.0,,,,,,,,,101,0.16473789977733788
GR1,51.621244,-115.608378,1.0,,,,,,,,,101,0.6788111004342772
GR1,51.621244,-115.608378,1.0,,,,,,,,,101,0.21216382044609572
GR1,51.621244,-115.608378,1.0,,,,,,,,,101,0.6860443981020199
GR1,51.621244,-115.608378,1.0,,,,,,,,,101,0.8159392818904729
GR1,51.621244,-115.608378,1.0,,,,,,,,,101,0.4118551393012093
